Workbook

Sheet 7
A1: BF Varai Khichdi, Potato Salli, LunchVarai Pulav,Soup,Alu Flower gravy,Potato chips, kakdi singdana salad
A2: Varai Khichdi | B2: Ingredients | C2: Std Qty | D2: Unit | E2: Req Qty | F2: Unit
B3: Varai rice | C3: 3.4166667 | D3: kg | E3: =C3*E$20/C$20 -> 34 | F3: kg
B4: Bhopla | C4: 2.9166667 | D4: kg | E4: =C4*E$20/C$20 -> 29 | F4: kg
B5: Dudhi | C5: 2.9166667 | D5: kg | E5: =C5*E$20/C$20 -> 29 | F5: kg
B6: Alu | C6: 1.25 | D6: kg | E6: =C6*E$20/C$20 -> 13 | F6: kg
B7: Gajar | C7: 1.25 | D7: kg | E7: =C7*E$20/C$20 -> 13 | F7: kg
B8: Groundnut Oil | C8: 1 | D8: ltr | E8: =C8*E$20/C$20 -> 10 | F8: ltr
B9: Jeera | C9: 0.16666667 | D9: ltr | E9: =C9*E$20/C$20 -> 2 | F9: ltr
B10: Hari mirchi split in 2 | C10: 0.16666667 | D10: ltr | E10: =C10*E$20/C$20 -> 2 | F10: ltr
B11: Madrasi Mirchi | C11: 0.16666667 | D11: ltr | E11: =C11*E$20/C$20 -> 2 | F11: ltr
B12: Kadi Patta | C12: 1 | D12: ltr | E12: =C12*E$20/C$20 -> 10 | F12: ltr
B13: Adrak paste | C13: 0.20833333 | D13: ltr | E13: =C13*E$20/C$20 -> 2 | F13: ltr
B14: Kashmiri Michi Pwd | C14: 0.20833333 | D14: cup | E14: =C14*E$20/C$20 -> 2 | F14: cup
... B19: YIELD | C19: 1 | D19: tub | E19: =C19*E$20/C$20 -> 10 | F19: tub
B20: YIELD | C20: 35 | D20: ltr | E20: =35*10 -> 350 | F20: ltr
A23: Potato Salli | B23: Salli | C23: 4 | D23: kg | E23: =C23*6.25 -> 25 | F23: kg
B24: Black Pepper Pwd | C24: 0.5 | D24: cup | E24: =C24*6.25 -> 3.125 | F24: cup
B25: Black Salt | C25: 0.5 | D25: cup | E25: =C25*6.25 -> 3.125 | F25: cup
B26: Salt | C26: 0.5 | D26: cup | E26: =C26*6.25 -> 3.125 | F26: cup
B27: Oil for frying | E27: =C27*6.25 -> 0
B28: Expected Yield | C28: 1 | D28: tub | E28: =C28*6.25 -> 6.25 | F28: tub
A30: Varai Pulav | B30: Ingredients | C30: Std Qty | D30: Unit | E30: Req Qty | F30: Unit | G30: Req Qty | H30: Unit
B31: Varai rice | C31: 30 | D31: kg | E31: =C31/1.2 -> 25 | F31: kg | G31: =E31*2 -> 50 | H31: kg
B32: Groundnut oil for tadka | C32: 10 | D32: ltr | E32: =C32/1.2 -> 8.3 | F32: ltr | G32: =E32*2 -> 16.6 | H32: ltr
B33: Tejpatta | C33: 1 | D33: ltr | E33: =C33/1.2 -> 0.8 | F33: ltr | G33: =E33*2 -> 1.6 | H33: ltr
B34: Jeera | C34: 0.75 | D34: ltr | E34: =C34/1.2 -> 0.6 | F34: ltr | G34: =E34*2 -> 1.2 | H34: ltr
B35: kadi patta | C35: 2 | D35: ltr | E35: =C35/1.2 -> 1.7 | F35: ltr | G35: =E35*2 -> 3.4 | H35: ltr
B36: Gajar | C36: 5 | D36: ltr | E36: =C36/1.2 -> 4.2 | F36: ltr | G36: =E36*2 -> 8.4 | H36: ltr
C37: 4 | D37: kg | E37: =C37/1.2 -> 3.3 | F37: kg | G37: =E37*2 -> 6.6 | H37: kg
B38: Cabbage | C38: 30 | D38: ltr | E38: =C38/1.2 -> 25 | F38: ltr | G38: =E38*2 -> 50 | H38: ltr
C39: 12 | D39: kg | E39: =C39/1.2 -> 10 | F39: kg | G39: =E39*2 -> 20 | H39: kg
B40: Capsicum | C40: 5 | D40: ltr | E40: =C40/1.2 -> 4.2 | F40: ltr | G40: =E40*2 -> 8.4 | H40: ltr
C41: 3.5 | D41: kg | E41: =C41/1.2 -> 2.9 | F41: kg | G41: =E41*2 -> 5.8 | H41: kg
B42: Salt | C42: 4 | D42: cup | E42: =C42/1.2 -> 3.3 | F42: cup | G42: =E42*2 -> 6.6 | H42: cup
B43: Everest Pulav Masala | C43: 2 | D43: cup | E43: =C43/1.2 -> 1.7 | F43: cup | G43: =E43*2 -> 3.4 | H43: cup
A44: 2 x Vol of Varai | B44: Hot water | C44: 60 | D44: ltr | E44: =C44/1.2 -> 50 | F44: ltr | G44: =E44*2 -> 100 | H44: ltr
B45: sugar | C45: 4 | D45: cup | E45: =C45/1.2 -> 3.3 | F45: cup | G45: =E45*2 -> 6.6 | H45: cup
A46: DGP | B46: Yield | C46: 3.5 | D46: Tub | E46: =C46/1.2 -> 2.9 | F46: Tub | G46: =E46*2 -> 5.8 | H46: Tub
A49: Ekadasi soup | B49: Ingredients | C49: Std Qty | D49: Unit | E49: Req Qty | F49: Unit | G49: Req Qty | H49: Unit
B50: Tomato | C50: 7.5 | D50: kg | E50: =C50*E$69/C$69 -> 64.5 | F50: kg
B51: vol | D51: ltr
B52: Bhopla | C52: 15 | D52: kg | E52: =C52*E$69/C$69 -> 129.1 | F52: kg
B53: vol | D53: ltr
B54: Alu | C54: 7.5 | D54: kg | E54: =C54*E$69/C$69 -> 64.5 | F54: kg
B55: vol | D55: ltr
B56: Gajar | C56: 4.9795918 | D56: kg | E56: =C56*E$69/C$69 -> 43 | F56: kg
B57: vol | D57: ltr
B58: Boiled water | D58: ltr
B59: Boiled vegetables puree | C59: 60 | D59: ltr | F59: ltr
B60: EVOO / butter | C60: 1.5 | D60: ltr | E60: =C60*E$69/C$69 -> 12.9 | F60: ltr
B61: EVOO on Top | C61: 1 | D61: ltr | E61: =C61*E$69/C$69 -> 8.6 | F61: ltr
B62: Black Pepper pwd | C62: 0.49795918 | D62: cup | E62: =C62*E$69/C$69 -> 4.3 | F62: cup
B63: Basil Leaves | C63: 1 | D63: kg | E63: =C63*E$69/C$69 -> 8.6 | F63: kg
B64: Basil Leaves chopped by VOL | C64: 0.4 | D64: bkt | E64: =C64*E$69/C$69 -> 3.4 | F64: bkt
B65: Brown sugar (bluebird) | C65: 0.5 | D65: kg | E65: =C65*E$69/C$69 -> 4.3 | F65: kg
B66: Salt | C66: 2.9877551 | D66: cup | E66: =C66*E$69/C$69 -> 25.8 | F66: cup
B67: Lemon Juice | C67: 0.5 | D67: cup | E67: =C67*E$69/C$69 -> 4.3 | F67: cup
B68: Recipe Yeild | C68: 1.7428571 | D68: tub | E68: =C68*E$69/C$69 -> 14.6 | F68: tub
B69: Recipe Yeild | C69: 61 | D69: ltr | E69: 525 | F69: ltr
A72: EKADASHI ALU FLOWER GRAVY | B72: Ingredients | C72: Std Qty | D72: Unit | E72: Req Qty | F72: Unit
B73: Alu | C73: 11.666667 | D73: Kg | E73: =C73*E$94/C$94 -> 188.9 | F73: Kg
B74: (1/2 inch cube steamed) | C74: 11.666667 | D74: ltr | E74: =C74*E$94/C$94 -> 188.9 | F74: ltr
B75: Flower | C75: 29.166667 | D75: Kg | E75: =C75*E$94/C$94 -> 471.4 | F75: Kg
B76: (florets after cutting) | C76: 35 | D76: ltr | E76: =C76*E$94/C$94 -> 565 | F76: ltr
B77: (deep fried) | C77: 11.666667 | D77: ltr | E77: =C77*E$94/C$94 -> 188.9 | F77: ltr
B78: Tomato puree | C78: 14.583333 | D78: Kg | E78: =C78*E$94/C$94 -> 235.7 | F78: Kg
B79: Tomato puree Vol | D79: ltr
B80: Ghee | C80: 0.875 | D80: ltr | E80: =C80*E$94/C$94 -> 14.5 | F80: ltr
B81: Jeera | C81: 0.875 | D81: Cup | E81: =C81*E$94/C$94 -> 14.5 | F81: Cup
B82: Hari Mirchi split in 2 | C82: 1.1666667 | D82: Cup | E82: =C82*E$94/C$94 -> 19.4 | F82: Cup
B83: Adrak paste | C83: 0.4375 | D83: ltr | E83: =C83*E$94/C$94 -> 6.5 | F83: ltr
B84: Jeera pwd | C84: 0.875 | D84: Cup | E84: =C84*E$94/C$94 -> 14.5 | F84: Cup
B85: Dhania Pwd | C85: 1.75 | D85: Cup | E85: =C85*E$94/C$94 -> 29.1 | F85: Cup
B86: Salt | C86: 1.3125 | D86: Cup | E86: =C86*E$94/C$94 -> 21 | F86: Cup
B87: Everest pulao masala | C87: 1.75 | D87: Cup | E87: =C87*E$94/C$94 -> 29.1 | F87: Cup
B88: Kashmiri Mirchi Pwd | C88: 0.35 | D88: ltr | E88: =C88*E$94/C$94 -> 6.5 | F88: ltr
B89: Kaju paste | C89: 0.58333333 | D89: kg | E89: =C89*E$94/C$94 -> 9.7 | F89: kg
B90: Brown sugar (bluebird) | C90: 0.58333333 | D90: ltr | E90: =C90*E$94/C$94 -> 9.7 | F90: ltr
B91: Brown sugar (bluebird) | C91: 0.425 | D91: kg | E91: =C91*E$94/C$94 -> 6.5 | F91: kg
... B93: YIELD | C93: 0.99166667 | D93: tub | E93: =C93*E$94/C$94 -> 16.1 | F93: tub
B94: YIELD | C94: 35 | D94: ltr | E94: 565 | F94: ltr
B95: Oil for frying
A98: Kakdi singdana salad | B98: Ingredients | C98: Std Qty | D98: Unit | E98: Req Qty | F98: Unit | G98: trial
B99: Boiled singdana | C99: 8 | D99: kg | E99: =C99*E$109/C$109 -> 42.2 | F99: kg
B100: Kakdi chopped | C100: 10 | D100: Kg | E100: =C100*E$109/C$109 -> 52.75 | F100: Kg
B101: tomato chopped | C101: 10 | D101: kg | E101: =C101*E$109/C$109 -> 52.75 | F101: kg
B102: Hari mirchi fine chopped | C102: 3 | D102: cup | E102: =C102*E$109/C$109 -> 15.825 | F102: cup
B103: Salt | C103: 2 | D103: cup | E103: =C103*E$109/C$109 -> 10.55 | F103: cup
B104: Dhania patta | C104: 2 | D104: ltr | E104: =C104*E$109/C$109 -> 10.55 | F104: ltr | M104: changes by RVP
B105: Rocket leaves | C105: 2.5 | D105: kg | E105: =C105*E$109/C$109 -> 13.1875 | F105: kg
B106: EVOO | C106: 1 | D106: ltr | E106: =C106*E$109/C$109 -> 5.275 | F106: ltr
A107: 1/2' cut, boil | B107: Boiled alu | C107: 5 | D107: kg | E107: =C107*E$109/C$109 -> 26.375 | F107: kg
B108: YIELD | C108: 1.14 | D108: tub | E108: =C108*E$109/C$109 -> 5.8025 | F108: tub
B109: YIELD | C109: 40 | D109: ltr | E109: 211 | F109: ltr
B110: Coal for smoke flavor | C110: 0.5 | D110: Kg | E110: 5 | F110: kg
A112: Potato chips | B112: oil for frying
B113: Potato Chips | C113: 4 | D113: kg | E113: =C113*25 -> 100 | F113: kg
B114: black pepper pwd | C114: 0.5 | D114: cup | E114: =C114*25 -> 12.5 | F114: cup
B115: black salt pwd | C115: 0.5 | D115: cup | E115: =C115*25 -> 12.5 | F115: cup
...

Sheet recipe_ingred_list
A1: Recipe Name | B1: S.No | D1: Ingredient | E1: S.No | F1: ltr | G1: Liter | H1: 1
A2: Varai Khichdi | B2: 1 | C2: varai-khichdi | D2: adrak | E2: 1 | F2: kg | G2: Kilo Gram | H2: 2 | J2: 2 | K2: kg | L2: Kilo Gram | M2: 2
A3: EKADASI KHICHDI NON-SPICY | B3: 2 | C3: ekadasi-khichdi-non-spicy | D3: ajinomoto | E3: 2 | F3: pcs | G3: Pieces | H3: 3 | J3: 3 | K3: gm | L3: gm | M3: 7
A4: ALU CHURCHURY | B4: 3 | C4: alu-churchury | D4: akha dhaniya | E4: 3 | F4: tub | G4: Tub 35 Lt | H4: 4 | J4: 4 | K4: 0 | L4: 0 | M4: 2
A5: Alu Jeera | B5: 4 | C5: alu-jeera | D5: akha methi | E5: 4 | F5: cup | G5: cup 200 ml | H5: 5 | J5: 5
A6: Alu Kala Chana Chat | B6: 5 | C6: alu-kala-chana-chat | D6: akha moong | E6: 5 | F6: bkt | G6: bkt | H6: 6 | J6: 6
A7: ALU PARATHA | B7: 6 | C7: alu-paratha | D7: akkha madrasi mirchi | E7: 6 | F7: gm | G7: gm | H7: 7 | J7: 7
A8: Barley / Ragi / Regira Malt | B8: 7 | C8: barley-ragi-regira-malt | D8: almonds | E8: 7 | F8: bndl | G8: bndl | H8: 8
A9: Beans Tahini Sauce | B9: 8 | C9: beans-tahini-sauce | D9: alu | E9: 8 | F9: mutthi | G9: mutthi | H9: 9
A10: Bhopla KM | B10: 9 | C10: bhopla-km | D10: ambahaldi | E10: 9 | F10: tsp | G10: tsp | H10: 10
A11: Biryani Dum Layer | B11: 10 | C11: biryani-dum-layer | D11: amchur | E11: 10 | F11: pkt | G11: pkt | H11: 11
A12: Boondi raita | B12: 11 | C12: boondi-raita | D12: amla churna | E12: 11 | F12: ml | G12: ml | H12: 12
A13: Brokoli Sautee | B13: 12 | C13: brokoli-sautee | D13: amul butter | E13: 12 | F13: tin | G13: tin | H13: 13
A14: Chole Krsna Balaram | B14: 13 | C14: chole-krsna-balaram | D14: amul fresh cream | E14: 13
A15: Coconut Chutney | B15: 14 | C15: coconut-chutney | D15: annapoorna sambar masala | E15: 14
A16: Dahi Rice | B16: 15 | C16: dahi-rice | D16: apple green colour | E16: 15 | J16: 16 | K16: tub | L16: Tub 35 Lt | M16: 4
A17: Dahi Baingan | B17: 16 | C17: dahi-baingan | D17: baby corn | E17: 16 | J17: 17 | K17: cup | L17: cup 200 ml | M17: 5
A18: Dahi Bhindi | B18: 17 | C18: dahi-bhindi | D18: badi sauf | E18: 17 | J18: 18 | K18: bkt | L18: bkt | M18: 6
A19: Dahi Patol | B19: 18 | C19: dahi-patol | D19: badsah pulav masala | E19: 18 | J19: 19 | K19: mutthi | L19: mutthi | M19: 9
A20: DHOKLA | B20: 19 | C20: dhokla | D20: badshah pav bhaji masala | E20: 19 | J20: 20 | K20: tsp | L20: tsp | M20: 10
A21: Dosa Bhaji Dry | B21: 20 | C21: dosa-bhaji-dry | D21: badshah rajwadi garam masala | E21: 20 | J21: 21 | K21: ml | L21: ml | M21: 12
A22: Dwadashi / Spicy Khichadi | B22: 21 | C22: dwadashi-spicy-khichadi | D22: baingan | E22: 21 | J22: 22 | K22: tin | L22: tin | M22: 13
A23: EKADASHI CHUTNEY | B23: 22 | C23: ekadashi-chutney | D23: banana | E23: 22 | J23: 23 | K23: ltr | L23: Liter | M23: 1
A24: EKADASHI KHICHDI SPICY | B24: 23 | C24: ekadashi-khichdi-spicy | D24: barley | E24: 23 | J24: 24 | K24: 0 | L24: 0 | M24: 1
A25: EKADASHI UPMA | B25: 24 | C25: ekadashi-upma | D25: basil leaves | E25: 24 | J25: 25
A26: FENNEL TEA | B26: 25 | C26: fennel-tea | D26: basmati rice | E26: 25
A27: Gauranga fried Rice | B27: 26 | C27: gauranga-fried-rice | D27: batter yield | E27: 26
A28: GINGER LEMON TEA | B28: 27 | C28: ginger-lemon-tea | D28: beans | E28: 27
A29: green chutney -Dhokla AND MUMBAI BHEL | B29: 28 | C29: green-chutney-dhokla-and-mumbai-bhel | D29: besan | E29: 28 | J29: 29 | K29: pkt | L29: pkt | M29: 11
A30: Green curry | B30: 29 | C30: green-curry | D30: bhindi | E30: 29 | J30: 30 | K30: bndl | L30: bndl | M30: 8
A31: Herbal Tea | B31: 30 | C31: herbal-tea | D31: bhopla | E31: 30 | J31: 31 | K31: pcs | L31: Pieces | M31: 3
A32: Idli | B32: 31 | C32: idli | D32: black pepper | E32: 31 | J32: 32 | K32: 0 | L32: 0 | M32: 3
A33: Italian Salad | B33: 32 | C33: italian-salad | D33: black salt | E33: 32 | J33: 33
A34: Jackfruit gravy | B34: 33 | C34: jackfruit-gravy | D34: black til | E34: 33 | J34: 34
A35: Jeera Rice | B35: 34 | C35: jeera-rice | D35: boondi | E35: 34
A36: JP Khichadi | B36: 35 | C36: jp-khichadi | D36: bread improver | E36: 35
A37: Kerela Round | B37: 36 | C37: kerela-round | D37: broccoli | E37: 36
A38: Khichadi | B38: 37 | C38: khichadi | D38: brown sugar | E38: 37
A39: KOKAM | B39: 38 | C39: kokam | D39: butter | E39: 38
A40: Kothimbit wadi | B40: 39 | C40: kothimbit-wadi | D40: cabbage | E40: 39
A41: KURMURA SPICY | B41: 40 | C41: kurmura-spicy | D41: cabbage (desi) | E41: 40
A42: Lapsi | B42: 41 | C42: lapsi | D42: calcium | E42: 41
A43: Lemon Grass | B43: 42 | C43: lemon-grass | D43: capsicum | E43: 42
A44: LEMON JUICE | B44: 43 | C44: lemon-juice | D44: carrot | E44: 43
A45: Lemon Rice | B45: 44 | C45: lemon-rice | D45: cauli flower | E45: 44
A46: Matar Ki Dal | B46: 45 | C46: matar-ki-dal | D46: celery stick | E46: 45
... A96: Varai Pulav2 | B96: 96 | C96: varai-pulav2 | D96: hing | E96: 95
D97: honey | E97: 96
D98: hot water | E98: 97
D99: imli | E99: 98
D100: jackfruit | E100: 99
D101: jada poha | E101: 100
D102: jaiwantri | E102: 101
D103: jeera | E103: 102
D104: jeera powder | E104: 103
D105: kaccha aam | E105: 104
D106: kadi patta | E106: 105
D107: kafir lemon leaves | E107: 106
D108: kaju | E108: 107
... D223: masala for 6 kg batch | E223: 222

Sheet recipedetails
G1: 1 | L1: mass_unit | N1: volume_unit | P1: pieces_unit | AB1: ="'"&AA7&"'" -> '3.42'
G2: 2 | L2: kg | N2: ltr | P2: pcs | AF2: a = Client().post('/recipes/varai-khichdi/detail/', {'recipe' : '1', 'ingredient' : '201', 'name' : 'Varai rice', 'mass_unit' : '2', 'mass_quantity' : '3.42', 'volume_unit' : '', 'volume_quantity' : '0', 'pieces_unit' : '', 'pieces_quantity' : '0', 'cooking_notes' : ''}).status_code; print('%s :: %s :: %s :: %s :: %s' %(a,7,'Varai rice','varai','Varai Khichdi'))
G3: 3 | N3: tub35
G4: 4 | N4: cup200
G5: 5 | AM5: from django.test import Client
G6: 6 | H6: Checking | I6: recipe | J6: Name | K6: mass_quantity | L6: mass_unit | M6: volume_quantity | N6: volume_unit | O6: pieces_quantity | P6: pieces_unit | Q6: Cooking instructions | R6: =VLOOKUP(J6,ingredient!$N$4:$O$553,2,0) -> #N/A | U6: recipe | X6: Name | Y6: Ingredient | AA6: mass_quantity | AB6: mass_unit | AC6: code | AD6: volume_quantity | AE6: volume_unit | AF6: code | AG6: pieces_quantity | AH6: pieces_unit | AI6: code | AJ6: Cooking instructions | AK6: 6 | AM6: from django.test import Client
G7: 7 | H7: Varai rice | I7: Varai Khichdi | J7: Varai rice | K7: 3.42 | L7: kg | R7: =VLOOKUP(J7,ingredient!$N$4:$O$553,2,0) -> varai | U7: =I7 -> Varai Khichdi | V7: =VLOOKUP(U7,recipe_ingred_list!$A$2:$B$300,2,0) -> 1 | W7: ="/recipes/"&VLOOKUP(U7,recipe_ingred_list!$A$2:$C$300,3,0)&"/detail/" -> /recipes/varai-khichdi/detail/ | X7: =J7 -> Varai rice | Y7: =R7 -> varai | Z7: =VLOOKUP(Y7,recipe_ingred_list!$D$2:$E$500,2,0) -> 201 | AA7: =K7 -> 3.42 | AB7: =L7 -> kg | AC7: =VLOOKUP(AB7,recipe_ingred_list!$K$2:$M$7,3,0) -> 2 | AD7: =M7 -> 0 | AE7: =N7 -> 0 | AF7: =VLOOKUP(AE7,recipe_ingred_list!$K$16:$M$25,3,0) -> 1 | AG7: =O7 -> 0 | AH7: =P7 -> 0 | AI7: =VLOOKUP(AH7,recipe_ingred_list!$K$29:$M$34,3,0) -> 3 | AJ7: =IF(Q7="","",Q7) | AK7: =AK6+1 -> 7 | AL7: =Y7 -> varai | AM7: ="a = Client().post('"&W7&"', {'recipe' : '"&V7&"', 'ingredient' : '"&Z7&"', 'name' : '"&X7&"', 'mass_unit' : '"&AC7&"', 'mass_quantity' : '"&ROUND(AA7,3)&"', 'volume_unit' : '"&AF7&"', 'volume_quantity' : '"&ROUND(AD7,3)&"', 'pieces_unit' : '"&AI7&"', 'pieces_quantity' : '"&ROUND(AG7,3)&"', 'cooking_notes' : '"&AJ7&"'}).status_code; print('%s :: %s :: %s :: %s :: %s' %(a,"&G7&",'"&X7&"','"&Y7&"','"&U7&"'))" -> a = Client().post('/recipes/varai-khichdi/detail/', {'recipe' : '1', 'ingredient' : '201', 'name' : 'Varai rice', 'mass_unit' : '2', 'mass_quantity' : '3.42', 'volume_unit' : '1', 'volume_quantity' : '0', 'pieces_unit' : '3', 'pieces_quantity' : '0', 'cooking_notes' : ''}).status_code; print('%s :: %s :: %s :: %s :: %s' %(a,7,'Varai rice','varai','Varai Khichdi'))
G8: 8 | H8: Bhopla | I8: Varai Khichdi | J8: Bhopla | K8: 2.9166667 | L8: kg | R8: =VLOOKUP(J8,ingredient!$N$4:$O$553,2,0) -> bhopla | U8: =I8 -> Varai Khichdi | V8: =VLOOKUP(U8,recipe_ingred_list!$A$2:$B$300,2,0) -> 1 | W8: ="/recipes/"&VLOOKUP(U8,recipe_ingred_list!$A$2:$C$300,3,0)&"/detail/" -> /recipes/varai-khichdi/detail/ | X8: =J8 -> Bhopla | Y8: =R8 -> bhopla | Z8: =VLOOKUP(Y8,recipe_ingred_list!$D$2:$E$500,2,0) -> 30 | AA8: =K8 -> 2.9166667 | AB8: =L8 -> kg | AC8: =VLOOKUP(AB8,recipe_ingred_list!$K$2:$M$7,3,0) -> 2 | AD8: =M8 -> 0 | AE8: =N8 -> 0 | AF8: =VLOOKUP(AE8,recipe_ingred_list!$K$16:$M$25,3,0) -> 1 | AG8: =O8 -> 0 | AH8: =P8 -> 0 | AI8: =VLOOKUP(AH8,recipe_ingred_list!$K$29:$M$34,3,0) -> 3 | AJ8: =IF(Q8="","",Q8) | AK8: =AK7+1 -> 8 | AL8: =Y8 -> bhopla | AM8: ="a = Client().post('"&W8&"', {'recipe' : '"&V8&"', 'ingredient' : '"&Z8&"', 'name' : '"&X8&"', 'mass_unit' : '"&AC8&"', 'mass_quantity' : '"&ROUND(AA8,3)&"', 'volume_unit' : '"&AF8&"', 'volume_quantity' : '"&ROUND(AD8,3)&"', 'pieces_unit' : '"&AI8&"', 'pieces_quantity' : '"&ROUND(AG8,3)&"', 'cooking_notes' : '"&AJ8&"'}).status_code; print('%s :: %s :: %s :: %s :: %s' %(a,"&G8&",'"&X8&"','"&Y8&"','"&U8&"'))" -> a = Client().post('/recipes/varai-khichdi/detail/', {'recipe' : '1', 'ingredient' : '30', 'name' : 'Bhopla', 'mass_unit' : '2', 'mass_quantity' : '2.917', 'volume_unit' : '1', 'volume_quantity' : '0', 'pieces_unit' : '3', 'pieces_quantity' : '0', 'cooking_notes' : ''}).status_code; print('%s :: %s :: %s :: %s :: %s' %(a,8,'Bhopla','bhopla','Varai Khichdi'))
G9: 9 | H9: Dudhi | I9: Varai Khichdi | J9: Dudhi | K9: 2.9166667 | L9: kg | R9: =VLOOKUP(J9,ingredient!$N$4:$O$553,2,0) -> dudhi | U9: =I9 -> Varai Khichdi | V9: =VLOOKUP(U9,recipe_ingred_list!$A$2:$B$300,2,0) -> 1 | W9: ="/recipes/"&VLOOKUP(U9,recipe_ingred_list!$A$2:$C$300,3,0)&"/detail/" -> /recipes/varai-khichdi/detail/ | X9: =J9 -> Dudhi | Y9: =R9 -> dudhi | Z9: =VLOOKUP(Y9,recipe_ingred_list!$D$2:$E$500,2,0) -> 69 | AA9: =K9 -> 2.9166667 | AB9: =L9 -> kg | AC9: =VLOOKUP(AB9,recipe_ingred_list!$K$2:$M$7,3,0) -> 2 | AD9: =M9 -> 0 | AE9: =N9 -> 0 | AF9: =VLOOKUP(AE9,recipe_ingred_list!$K$16:$M$25,3,0) -> 1 | AG9: =O9 -> 0 | AH9: =P9 -> 0 | AI9: =VLOOKUP(AH9,recipe_ingred_list!$K$29:$M$34,3,0) -> 3 | AJ9: =IF(Q9="","",Q9) | AK9: =AK8+1 -> 9 | AL9: =Y9 -> dudhi | AM9: ="a = Client().post('"&W9&"', {'recipe' : '"&V9&"', 'ingredient' : '"&Z9&"', 'name' : '"&X9&"', 'mass_unit' : '"&AC9&"', 'mass_quantity' : '"&ROUND(AA9,3)&"', 'volume_unit' : '"&AF9&"', 'volume_quantity' : '"&ROUND(AD9,3)&"', 'pieces_unit' : '"&AI9&"', 'pieces_quantity' : '"&ROUND(AG9,3)&"', 'cooking_notes' : '"&AJ9&"'}).status_code; print('%s :: %s :: %s :: %s :: %s' %(a,"&G9&",'"&X9&"','"&Y9&"','"&U9&"'))" -> a = Client().post('/recipes/varai-khichdi/detail/', {'recipe' : '1', 'ingredient' : '69', 'name' : 'Dudhi', 'mass_unit' : '2', 'mass_quantity' : '2.917', 'volume_unit' : '1', 'volume_quantity' : '0', 'pieces_unit' : '3', 'pieces_quantity' : '0', 'cooking_notes' : ''}).status_code; print('%s :: %s :: %s :: %s :: %s' %(a,9,'Dudhi','dudhi','Varai Khichdi'))
G10: 10 | H10: Alu | I10: Varai Khichdi | J10: Alu | K10: 1.25 | L10: kg | R10: =VLOOKUP(J10,ingredient!$N$4:$O$553,2,0) -> alu | U10: =I10 -> Varai Khichdi | V10: =VLOOKUP(U10,recipe_ingred_list!$A$2:$B$300,2,0) -> 1 | W10: ="/recipes/"&VLOOKUP(U10,recipe_ingred_list!$A$2:$C$300,3,0)&"/detail/" -> /recipes/varai-khichdi/detail/ | X10: =J10 -> Alu | Y10: =R10 -> alu | Z10: =VLOOKUP(Y10,recipe_ingred_list!$D$2:$E$500,2,0) -> 8 | AA10: =K10 -> 1.25 | AB10: =L10 -> kg | AC10: =VLOOKUP(AB10,recipe_ingred_list!$K$2:$M$7,3,0) -> 2 | AD10: =M10 -> 0 | AE10: =N10 -> 0 | AF10: =VLOOKUP(AE10,recipe_ingred_list!$K$16:$M$25,3,0) -> 1 | AG10: =O10 -> 0 | AH10: =P10 -> 0 | AI10: =VLOOKUP(AH10,recipe_ingred_list!$K$29:$M$34,3,0) -> 3 | AJ10: =IF(Q10="","",Q10) | AK10: =AK9+1 -> 10 | AL10: =Y10 -> alu | AM10: ="a = Client().post('"&W10&"', {'recipe' : '"&V10&"', 'ingredient' : '"&Z10&"', 'name' : '"&X10&"', 'mass_unit' : '"&AC10&"', 'mass_quantity' : '"&ROUND(AA10,3)&"', 'volume_unit' : '"&AF10&"', 'volume_quantity' : '"&ROUND(AD10,3)&"', 'pieces_unit' : '"&AI10&"', 'pieces_quantity' : '"&ROUND(AG10,3)&"', 'cooking_notes' : '"&AJ10&"'}).status_code; print('%s :: %s :: %s :: %s :: %s' %(a,"&G10&",'"&X10&"','"&Y10&"','"&U10&"'))" -> a = Client().post('/recipes/varai-khichdi/detail/', {'recipe' : '1', 'ingredient' : '8', 'name' : 'Alu', 'mass_unit' : '2', 'mass_quantity' : '1.25', 'volume_unit' : '1', 'volume_quantity' : '0', 'pieces_unit' : '3', 'pieces_quantity' : '0', 'cooking_notes' : ''}).status_code; print('%s :: %s :: %s :: %s :: %s' %(a,10,'Alu','alu','Varai Khichdi'))
G11: 11 | H11: Gajar | I11: Varai Khichdi | J11: Gajar | K11: 1.25 | L11: kg | R11: =VLOOKUP(J11,ingredient!$N$4:$O$553,2,0) -> gajar | U11: =I11 -> Varai Khichdi | V11: =VLOOKUP(U11,recipe_ingred_list!$A$2:$B$300,2,0) -> 1 | W11: ="/recipes/"&VLOOKUP(U11,recipe_ingred_list!$A$2:$C$300,3,0)&"/detail/" -> /recipes/varai-khichdi/detail/ | X11: =J11 -> Gajar | Y11: =R11 -> gajar | Z11: =VLOOKUP(Y11,recipe_ingred_list!$D$2:$E$500,2,0) -> 79 | AA11: =K11 -> 1.25 | AB11: =L11 -> kg | AC11: =VLOOKUP(AB11,recipe_ingred_list!$K$2:$M$7,3,0) -> 2 | AD11: =M11 -> 0 | AE11: =N11 -> 0 | AF11: =VLOOKUP(AE11,recipe_ingred_list!$K$16:$M$25,3,0) -> 1 | AG11: =O11 -> 0 | AH11: =P11 -> 0 | AI11: =VLOOKUP(AH11,recipe_ingred_list!$K$29:$M$34,3,0) -> 3 | AJ11: =IF(Q11="","",Q11) | AK11: =AK10+1 -> 11 | AL11: =Y11 -> gajar | AM11: ="a = Client().post('"&W11&"', {'recipe' : '"&V11&"', 'ingredient' : '"&Z11&"', 'name' : '"&X11&"', 'mass_unit' : '"&AC11&"', 'mass_quantity' : '"&ROUND(AA11,3)&"', 'volume_unit' : '"&AF11&"', 'volume_quantity' : '"&ROUND(AD11,3)&"', 'pieces_unit' : '"&AI11&"', 'pieces_quantity' : '"&ROUND(AG11,3)&"', 'cooking_notes' : '"&AJ11&"'}).status_code; print('%s :: %s :: %s :: %s :: %s' %(a,"&G11&",'"&X11&"','"&Y11&"','"&U11&"'))" -> a = Client().post('/recipes/varai-khichdi/detail/', {'recipe' : '1', 'ingredient' : '79', 'name' : 'Gajar', 'mass_unit' : '2', 'mass_quantity' : '1.25', 'volume_unit' : '1', 'volume_quantity' : '0', 'pieces_unit' : '3', 'pieces_quantity' : '0', 'cooking_notes' : ''}).status_code; print('%s :: %s :: %s :: %s :: %s' %(a,11,'Gajar','gajar','Varai Khichdi'))
G12: 12 | H12: Ground nut Oil | I12: Varai Khichdi | J12: Groundnut Oil | M12: 1 | N12: ltr | R12: =VLOOKUP(J12,ingredient!$N$4:$O$553,2,0) -> ground nut oil | U12: =I12 -> Varai Khichdi | V12: =VLOOKUP(U12,recipe_ingred_list!$A$2:$B$300,2,0) -> 1 | W12: ="/recipes/"&VLOOKUP(U12,recipe_ingred_list!$A$2:$C$300,3,0)&"/detail/" -> /recipes/varai-khichdi/detail/ | X12: =J12 -> Groundnut Oil | Y12: =R12 -> ground nut oil | Z12: =VLOOKUP(Y12,recipe_ingred_list!$D$2:$E$500,2,0) -> 89 | AA12: =K12 -> 0 | AB12: =L12 -> 0 | AC12: =VLOOKUP(AB12,recipe_ingred_list!$K$2:$M$7,3,0) -> 2 | AD12: =M12 -> 1 | AE12: =N12 -> ltr | AF12: =VLOOKUP(AE12,recipe_ingred_list!$K$16:$M$25,3,0) -> 1 | AG12: =O12 -> 0 | AH12: =P12 -> 0 | AI12: =VLOOKUP(AH12,recipe_ingred_list!$K$29:$M$34,3,0) -> 3 | AJ12: =IF(Q12="","",Q12) | AK12: =AK11+1 -> 12 | AL12: =Y12 -> ground nut oil | AM12: ="a = Client().post('"&W12&"', {'recipe' : '"&V12&"', 'ingredient' : '"&Z12&"', 'name' : '"&X12&"', 'mass_unit' : '"&AC12&"', 'mass_quantity' : '"&ROUND(AA12,3)&"', 'volume_unit' : '"&AF12&"', 'volume_quantity' : '"&ROUND(AD12,3)&"', 'pieces_unit' : '"&AI12&"', 'pieces_quantity' : '"&ROUND(AG12,3)&"', 'cooking_notes' : '"&AJ12&"'}).status_code; print('%s :: %s :: %s :: %s :: %s' %(a,"&G12&",'"&X12&"','"&Y12&"','"&U12&"'))" -> a = Client().post('/recipes/varai-khichdi/detail/', {'recipe' : '1', 'ingredient' : '89', 'name' : 'Groundnut Oil', 'mass_unit' : '2', 'mass_quantity' : '0', 'volume_unit' : '1', 'volume_quantity' : '1', 'pieces_unit' : '3', 'pieces_quantity' : '0', 'cooking_notes' : ''}).status_code; print('%s :: %s :: %s :: %s :: %s' %(a,12,'Groundnut Oil','ground nut oil','Varai Khichdi'))
G13: 13 | H13: Jeera | I13: Varai Khichdi | J13: Jeera | M13: 0.16666667 | N13: ltr | R13: =VLOOKUP(J13,ingredient!$N$4:$O$553,2,0) -> jeera | U13: =I13 -> Varai Khichdi | V13: =VLOOKUP(U13,recipe_ingred_list!$A$2:$B$300,2,0) -> 1 | W13: ="/recipes/"&VLOOKUP(U13,recipe_ingred_list!$A$2:$C$300,3,0)&"/detail/" -> /recipes/varai-khichdi/detail/ | X13: =J13 -> Jeera | Y13: =R13 -> jeera | Z13: =VLOOKUP(Y13,recipe_ingred_list!$D$2:$E$500,2,0) -> 102 | AA13: =K13 -> 0 | AB13: =L13 -> 0 | AC13: =VLOOKUP(AB13,recipe_ingred_list!$K$2:$M$7,3,0) -> 2 | AD13: =M13 -> 0.16666667 | AE13: =N13 -> ltr | AF13: =VLOOKUP(AE13,recipe_ingred_list!$K$16:$M$25,3,0) -> 1 | AG13: =O13 -> 0 | AH13: =P13 -> 0 | AI13: =VLOOKUP(AH13,recipe_ingred_list!$K$29:$M$34,3,0) -> 3 | AJ13: =IF(Q13="","",Q13) | AK13: =AK12+1 -> 13 | AL13: =Y13 -> jeera | AM13: ="a = Client().post('"&W13&"', {'recipe' : '"&V13&"', 'ingredient' : '"&Z13&"', 'name' : '"&X13&"', 'mass_unit' : '"&AC13&"', 'mass_quantity' : '"&ROUND(AA13,3)&"', 'volume_unit' : '"&AF13&"', 'volume_quantity' : '"&ROUND(AD13,3)&"', 'pieces_unit' : '"&AI13&"', 'pieces_quantity' : '"&ROUND(AG13,3)&"', 'cooking_notes' : '"&AJ13&"'}).status_code; print('%s :: %s :: %s :: %s :: %s' %(a,"&G13&",'"&X13&"','"&Y13&"','"&U13&"'))" -> a = Client().post('/recipes/varai-khichdi/detail/', {'recipe' : '1', 'ingredient' : '102', 'name' : 'Jeera', 'mass_unit' : '2', 'mass_quantity' : '0', 'volume_unit' : '1', 'volume_quantity' : '0.167', 'pieces_unit' : '3', 'pieces_quantity' : '0', 'cooking_notes' : ''}).status_code; print('%s :: %s :: %s :: %s :: %s' %(a,13,'Jeera','jeera','Varai Khichdi'))
G14: 14 | H14: Hari mirchi | I14: Varai Khichdi | J14: Hari mirchi split in 2 | M14: 0.16666667 | N14: ltr | R14: =VLOOKUP(J14,ingredient!$N$4:$O$553,2,0) -> hari mirchi | U14: =I14 -> Varai Khichdi | V14: =VLOOKUP(U14,recipe_ingred_list!$A$2:$B$300,2,0) -> 1 | W14: ="/recipes/"&VLOOKUP(U14,recipe_ingred_list!$A$2:$C$300,3,0)&"/detail/" -> /recipes/varai-khichdi/detail/ | X14: =J14 -> Hari mirchi split in 2 | Y14: =R14 -> hari mirchi | Z14: =VLOOKUP(Y14,recipe_ingred_list!$D$2:$E$500,2,0) -> 93 | AA14: =K14 -> 0 | AB14: =L14 -> 0 | AC14: =VLOOKUP(AB14,recipe_ingred_list!$K$2:$M$7,3,0) -> 2 | AD14: =M14 -> 0.16666667 | AE14: =N14 -> ltr | AF14: =VLOOKUP(AE14,recipe_ingred_list!$K$16:$M$25,3,0) -> 1 | AG14: =O14 -> 0 | AH14: =P14 -> 0 | AI14: =VLOOKUP(AH14,recipe_ingred_list!$K$29:$M$34,3,0) -> 3 | AJ14: =IF(Q14="","",Q14) | AK14: =AK13+1 -> 14 | AL14: =Y14 -> hari mirchi | AM14: ="a = Client().post('"&W14&"', {'recipe' : '"&V14&"', 'ingredient' : '"&Z14&"', 'name' : '"&X14&"', 'mass_unit' : '"&AC14&"', 'mass_quantity' : '"&ROUND(AA14,3)&"', 'volume_unit' : '"&AF14&"', 'volume_quantity' : '"&ROUND(AD14,3)&"', 'pieces_unit' : '"&AI14&"', 'pieces_quantity' : '"&ROUND(AG14,3)&"', 'cooking_notes' : '"&AJ14&"'}).status_code; print('%s :: %s :: %s :: %s :: %s' %(a,"&G14&",'"&X14&"','"&Y14&"','"&U14&"'))" -> a = Client().post('/recipes/varai-khichdi/detail/', {'recipe' : '1', 'ingredient' : '93', 'name' : 'Hari mirchi split in 2', 'mass_unit' : '2', 'mass_quantity' : '0', 'volume_unit' : '1', 'volume_quantity' : '0.167', 'pieces_unit' : '3', 'pieces_quantity' : '0', 'cooking_notes' : ''}).status_code; print('%s :: %s :: %s :: %s :: %s' %(a,14,'Hari mirchi split in 2','hari mirchi','Varai Khichdi'))
G15: 15 | H15: Madrasi Mirchi | I15: Varai Khichdi | J15: Madrasi Mirchi | M15: 0.16666667 | N15: ltr | R15: =VLOOKUP(J15,ingredient!$N$4:$O$553,2,0) -> madrasi mirchi powder | U15: =I15 -> Varai Khichdi | V15: =VLOOKUP(U15,recipe_ingred_list!$A$2:$B$300,2,0) -> 1 | W15: ="/recipes/"&VLOOKUP(U15,recipe_ingred_list!$A$2:$C$300,3,0)&"/detail/" -> /recipes/varai-khichdi/detail/ | X15: =J15 -> Madrasi Mirchi | Y15: =R15 -> madrasi mirchi powder | Z15: =VLOOKUP(Y15,recipe_ingred_list!$D$2:$E$500,2,0) -> 135 | AA15: =K15 -> 0 | AB15: =L15 -> 0 | AC15: =VLOOKUP(AB15,recipe_ingred_list!$K$2:$M$7,3,0) -> 2 | AD15: =M15 -> 0.16666667 | AE15: =N15 -> ltr | AF15: =VLOOKUP(AE15,recipe_ingred_list!$K$16:$M$25,3,0) -> 1 | AG15: =O15 -> 0 | AH15: =P15 -> 0 | AI15: =VLOOKUP(AH15,recipe_ingred_list!$K$29:$M$34,3,0) -> 3 | AJ15: =IF(Q15="","",Q15) | AK15: =AK14+1 -> 15 | AL15: =Y15 -> madrasi mirchi powder | AM15: ="a = Client().post('"&W15&"', {'recipe' : '"&V15&"', 'ingredient' : '"&Z15&"', 'name' : '"&X15&"', 'mass_unit' : '"&AC15&"', 'mass_quantity' : '"&ROUND(AA15,3)&"', 'volume_unit' : '"&AF15&"', 'volume_quantity' : '"&ROUND(AD15,3)&"', 'pieces_unit' : '"&AI15&"', 'pieces_quantity' : '"&ROUND(AG15,3)&"', 'cooking_notes' : '"&AJ15&"'}).status_code; print('%s :: %s :: %s :: %s :: %s' %(a,"&G15&",'"&X15&"','"&Y15&"','"&U15&"'))" -> a = Client().post('/recipes/varai-khichdi/detail/', {'recipe' : '1', 'ingredient' : '135', 'name' : 'Madrasi Mirchi', 'mass_unit' : '2', 'mass_quantity' : '0', 'volume_unit' : '1', 'volume_quantity' : '0.167', 'pieces_unit' : '3', 'pieces_quantity' : '0', 'cooking_notes' : ''}).status_code; print('%s :: %s :: %s :: %s :: %s' %(a,15,'Madrasi Mirchi','madrasi mirchi powder','Varai Khichdi'))
G16: 16 | H16: Kadi Patta | I16: Varai Khichdi | J16: Kadi Patta | M16: 1 | N16: ltr | R16: =VLOOKUP(J16,ingredient!$N$4:$O$553,2,0) -> kadi patta | U16: =I16 -> Varai Khichdi | V16: =VLOOKUP(U16,recipe_ingred_list!$A$2:$B$300,2,0) -> 1 | W16: ="/recipes/"&VLOOKUP(U16,recipe_ingred_list!$A$2:$C$300,3,0)&"/detail/" -> /recipes/varai-khichdi/detail/ | X16: =J16 -> Kadi Patta | Y16: =R16 -> kadi patta | Z16: =VLOOKUP(Y16,recipe_ingred_list!$D$2:$E$500,2,0) -> 105 | AA16: =K16 -> 0 | AB16: =L16 -> 0 | AC16: =VLOOKUP(AB16,recipe_ingred_list!$K$2:$M$7,3,0) -> 2 | AD16: =M16 -> 1 | AE16: =N16 -> ltr | AF16: =VLOOKUP(AE16,recipe_ingred_list!$K$16:$M$25,3,0) -> 1 | AG16: =O16 -> 0 | AH16: =P16 -> 0 | AI16: =VLOOKUP(AH16,recipe_ingred_list!$K$29:$M$34,3,0) -> 3 | AJ16: =IF(Q16="","",Q16) | AK16: =AK15+1 -> 16 | AL16: =Y16 -> kadi patta | AM16: ="a = Client().post('"&W16&"', {'recipe' : '"&V16&"', 'ingredient' : '"&Z16&"', 'name' : '"&X16&"', 'mass_unit' : '"&AC16&"', 'mass_quantity' : '"&ROUND(AA16,3)&"', 'volume_unit' : '"&AF16&"', 'volume_quantity' : '"&ROUND(AD16,3)&"', 'pieces_unit' : '"&AI16&"', 'pieces_quantity' : '"&ROUND(AG16,3)&"', 'cooking_notes' : '"&AJ16&"'}).status_code; print('%s :: %s :: %s :: %s :: %s' %(a,"&G16&",'"&X16&"','"&Y16&"','"&U16&"'))" -> a = Client().post('/recipes/varai-khichdi/detail/', {'recipe' : '1', 'ingredient' : '105', 'name' : 'Kadi Patta', 'mass_unit' : '2', 'mass_quantity' : '0', 'volume_unit' : '1', 'volume_quantity' : '1', 'pieces_unit' : '3', 'pieces_quantity' : '0', 'cooking_notes' : ''}).status_code; print('%s :: %s :: %s :: %s :: %s' %(a,16,'Kadi Patta','kadi patta','Varai Khichdi'))
G17: 17 | H17: Adrak | I17: Varai Khichdi | J17: Adrak paste | M17: 0.20833333 | N17: ltr | R17: =VLOOKUP(J17,ingredient!$N$4:$O$553,2,0) -> adrak | U17: =I17 -> Varai Khichdi | V17: =VLOOKUP(U17,recipe_ingred_list!$A$2:$B$300,2,0) -> 1 | W17: ="/recipes/"&VLOOKUP(U17,recipe_ingred_list!$A$2:$C$300,3,0)&"/detail/" -> /recipes/varai-khichdi/detail/ | X17: =J17 -> Adrak paste | Y17: =R17 -> adrak | Z17: =VLOOKUP(Y17,recipe_ingred_list!$D$2:$E$500,2,0) -> 1 | AA17: =K17 -> 0 | AB17: =L17 -> 0 | AC17: =VLOOKUP(AB17,recipe_ingred_list!$K$2:$M$7,3,0) -> 2 | AD17: =M17 -> 0.20833333 | AE17: =N17 -> ltr | AF17: =VLOOKUP(AE17,recipe_ingred_list!$K$16:$M$25,3,0) -> 1 | AG17: =O17 -> 0 | AH17: =P17 -> 0 | AI17: =VLOOKUP(AH17,recipe_ingred_list!$K$29:$M$34,3,0) -> 3 | AJ17: =IF(Q17="","",Q17) | AK17: =AK16+1 -> 17 | AL17: =Y17 -> adrak | AM17: ="a = Client().post('"&W17&"', {'recipe' : '"&V17&"', 'ingredient' : '"&Z17&"', 'name' : '"&X17&"', 'mass_unit' : '"&AC17&"', 'mass_quantity' : '"&ROUND(AA17,3)&"', 'volume_unit' : '"&AF17&"', 'volume_quantity' : '"&ROUND(AD17,3)&"', 'pieces_unit' : '"&AI17&"', 'pieces_quantity' : '"&ROUND(AG17,3)&"', 'cooking_notes' : '"&AJ17&"'}).status_code; print('%s :: %s :: %s :: %s :: %s' %(a,"&G17&",'"&X17&"','"&Y17&"','"&U17&"'))" -> a = Client().post('/recipes/varai-khichdi/detail/', {'recipe' : '1', 'ingredient' : '1', 'name' : 'Adrak paste', 'mass_unit' : '2', 'mass_quantity' : '0', 'volume_unit' : '1', 'volume_quantity' : '0.208', 'pieces_unit' : '3', 'pieces_quantity' : '0', 'cooking_notes' : ''}).status_code; print('%s :: %s :: %s :: %s :: %s' %(a,17,'Adrak paste','adrak','Varai Khichdi'))
G18: 18 | H18: Kashmiri Mirchi Pwd | I18: Varai Khichdi | J18: Kashmiri Mirchi Powder | M18: 0.20833333 | N18: cup | R18: =VLOOKUP(J18,ingredient!$N$4:$O$553,2,0) -> kashmiri chilly powder | U18: =I18 -> Varai Khichdi | V18: =VLOOKUP(U18,recipe_ingred_list!$A$2:$B$300,2,0) -> 1 | W18: ="/recipes/"&VLOOKUP(U18,recipe_ingred_list!$A$2:$C$300,3,0)&"/detail/" -> /recipes/varai-khichdi/detail/ | X18: =J18 -> Kashmiri Mirchi Powder | Y18: =R18 -> kashmiri chilly powder | Z18: =VLOOKUP(Y18,recipe_ingred_list!$D$2:$E$500,2,0) -> 117 | AA18: =K18 -> 0 | AB18: =L18 -> 0 | AC18: =VLOOKUP(AB18,recipe_ingred_list!$K$2:$M$7,3,0) -> 2 | AD18: =M18 -> 0.20833333 | AE18: =N18 -> cup | AF18: =VLOOKUP(AE18,recipe_ingred_list!$K$16:$M$25,3,0) -> 5 | AG18: =O18 -> 0 | AH18: =P18 -> 0 | AI18: =VLOOKUP(AH18,recipe_ingred_list!$K$29:$M$34,3,0) -> 3 | AJ18: =IF(Q18="","",Q18) | AK18: =AK17+1 -> 18 | AL18: =Y18 -> kashmiri chilly powder | AM18: ="a = Client().post('"&W18&"', {'recipe' : '"&V18&"', 'ingredient' : '"&Z18&"', 'name' : '"&X18&"', 'mass_unit' : '"&AC18&"', 'mass_quantity' : '"&ROUND(AA18,3)&"', 'volume_unit' : '"&AF18&"', 'volume_quantity' : '"&ROUND(AD18,3)&"', 'pieces_unit' : '"&AI18&"', 'pieces_quantity' : '"&ROUND(AG18,3)&"', 'cooking_notes' : '"&AJ18&"'}).status_code; print('%s :: %s :: %s :: %s :: %s' %(a,"&G18&",'"&X18&"','"&Y18&"','"&U18&"'))" -> a = Client().post('/recipes/varai-khichdi/detail/', {'recipe' : '1', 'ingredient' : '117', 'name' : 'Kashmiri Mirchi Powder', 'mass_unit' : '2', 'mass_quantity' : '0', 'volume_unit' : '5', 'volume_quantity' : '0.208', 'pieces_unit' : '3', 'pieces_quantity' : '0', 'cooking_notes' : ''}).status_code; print('%s :: %s :: %s :: %s :: %s' %(a,18,'Kashmiri Mirchi Powder','kashmiri chilly powder','Varai Khichdi'))
G19: 19 | H19: Tomato | I19: Varai Khichdi | J19: Tomato | K19: 3 | L19: kg | R19: =VLOOKUP(J19,ingredient!$N$4:$O$553,2,0) -> tomato | U19: =I19 -> Varai Khichdi | V19: =VLOOKUP(U19,recipe_ingred_list!$A$2:$B$300,2,0) -> 1 | W19: ="/recipes/"&VLOOKUP(U19,recipe_ingred_list!$A$2:$C$300,3,0)&"/detail/" -> /recipes/varai-khichdi/detail/ | X19: =J19 -> Tomato | Y19: =R19 -> tomato | Z19: =VLOOKUP(Y19,recipe_ingred_list!$D$2:$E$500,2,0) -> 195 | AA19: =K19 -> 3 | AB19: =L19 -> kg | AC19: =VLOOKUP(AB19,recipe_ingred_list!$K$2:$M$7,3,0) -> 2 | AD19: =M19 -> 0 | AE19: =N19 -> 0 | AF19: =VLOOKUP(AE19,recipe_ingred_list!$K$16:$M$25,3,0) -> 1 | AG19: =O19 -> 0 | AH19: =P19 -> 0 | AI19: =VLOOKUP(AH19,recipe_ingred_list!$K$29:$M$34,3,0) -> 3 | AJ19: =IF(Q19="","",Q19) | AK19: =AK18+1 -> 19 | AL19: =Y19 -> tomato | AM19: ="a = Client().post('"&W19&"', {'recipe' : '"&V19&"', 'ingredient' : '"&Z19&"', 'name' : '"&X19&"', 'mass_unit' : '"&AC19&"', 'mass_quantity' : '"&ROUND(AA19,3)&"', 'volume_unit' : '"&AF19&"', 'volume_quantity' : '"&ROUND(AD19,3)&"', 'pieces_unit' : '"&AI19&"', 'pieces_quantity' : '"&ROUND(AG19,3)&"', 'cooking_notes' : '"&AJ19&"'}).status_code; print('%s :: %s :: %s :: %s :: %s' %(a,"&G19&",'"&X19&"','"&Y19&"','"&U19&"'))" -> a = Client().post('/recipes/varai-khichdi/detail/', {'recipe' : '1', 'ingredient' : '195', 'name' : 'Tomato', 'mass_unit' : '2', 'mass_quantity' : '3', 'volume_unit' : '1', 'volume_quantity' : '0', 'pieces_unit' : '3', 'pieces_quantity' : '0', 'cooking_notes' : ''}).status_code; print('%s :: %s :: %s :: %s :: %s' %(a,19,'Tomato','tomato','Varai Khichdi'))
G20: 20 | H20: Ghee | I20: Varai Khichdi | J20: Ghee | M20: 0.5 | N20: ltr | R20: =VLOOKUP(J20,ingredient!$N$4:$O$553,2,0) -> ghee | U20: =I20 -> Varai Khichdi | V20: =VLOOKUP(U20,recipe_ingred_list!$A$2:$B$300,2,0) -> 1 | W20: ="/recipes/"&VLOOKUP(U20,recipe_ingred_list!$A$2:$C$300,3,0)&"/detail/" -> /recipes/varai-khichdi/detail/ | X20: =J20 -> Ghee | Y20: =R20 -> ghee | Z20: =VLOOKUP(Y20,recipe_ingred_list!$D$2:$E$500,2,0) -> 81 | AA20: =K20 -> 0 | AB20: =L20 -> 0 | AC20: =VLOOKUP(AB20,recipe_ingred_list!$K$2:$M$7,3,0) -> 2 | AD20: =M20 -> 0.5 | AE20: =N20 -> ltr | AF20: =VLOOKUP(AE20,recipe_ingred_list!$K$16:$M$25,3,0) -> 1 | AG20: =O20 -> 0 | AH20: =P20 -> 0 | AI20: =VLOOKUP(AH20,recipe_ingred_list!$K$29:$M$34,3,0) -> 3 | AJ20: =IF(Q20="","",Q20) | AK20: =AK19+1 -> 20 | AL20: =Y20 -> ghee | AM20: ="a = Client().post('"&W20&"', {'recipe' : '"&V20&"', 'ingredient' : '"&Z20&"', 'name' : '"&X20&"', 'mass_unit' : '"&AC20&"', 'mass_quantity' : '"&ROUND(AA20,3)&"', 'volume_unit' : '"&AF20&"', 'volume_quantity' : '"&ROUND(AD20,3)&"', 'pieces_unit' : '"&AI20&"', 'pieces_quantity' : '"&ROUND(AG20,3)&"', 'cooking_notes' : '"&AJ20&"'}).status_code; print('%s :: %s :: %s :: %s :: %s' %(a,"&G20&",'"&X20&"','"&Y20&"','"&U20&"'))" -> a = Client().post('/recipes/varai-khichdi/detail/', {'recipe' : '1', 'ingredient' : '81', 'name' : 'Ghee', 'mass_unit' : '2', 'mass_quantity' : '0', 'volume_unit' : '1', 'volume_quantity' : '0.5', 'pieces_unit' : '3', 'pieces_quantity' : '0', 'cooking_notes' : ''}).status_code; print('%s :: %s :: %s :: %s :: %s' %(a,20,'Ghee','ghee','Varai Khichdi'))
G21: 21 | H21: Dhania patta | I21: Varai Khichdi | J21: Dhania patta | M21: 0.1 | N21: bkt | R21: =VLOOKUP(J21,ingredient!$N$4:$O$553,2,0) -> dhaniya patta | U21: =I21 -> Varai Khichdi | V21: =VLOOKUP(U21,recipe_ingred_list!$A$2:$B$300,2,0) -> 1 | W21: ="/recipes/"&VLOOKUP(U21,recipe_ingred_list!$A$2:$C$300,3,0)&"/detail/" -> /recipes/varai-khichdi/detail/ | X21: =J21 -> Dhania patta | Y21: =R21 -> dhaniya patta | Z21: =VLOOKUP(Y21,recipe_ingred_list!$D$2:$E$500,2,0) -> 66 | AA21: =K21 -> 0 | AB21: =L21 -> 0 | AC21: =VLOOKUP(AB21,recipe_ingred_list!$K$2:$M$7,3,0) -> 2 | AD21: =M21 -> 0.1 | AE21: =N21 -> bkt | AF21: =VLOOKUP(AE21,recipe_ingred_list!$K$16:$M$25,3,0) -> 6 | AG21: =O21 -> 0 | AH21: =P21 -> 0 | AI21: =VLOOKUP(AH21,recipe_ingred_list!$K$29:$M$34,3,0) -> 3 | AJ21: =IF(Q21="","",Q21) | AK21: =AK20+1 -> 21 | AL21: =Y21 -> dhaniya patta | AM21: ="a = Client().post('"&W21&"', {'recipe' : '"&V21&"', 'ingredient' : '"&Z21&"', 'name' : '"&X21&"', 'mass_unit' : '"&AC21&"', 'mass_quantity' : '"&ROUND(AA21,3)&"', 'volume_unit' : '"&AF21&"', 'volume_quantity' : '"&ROUND(AD21,3)&"', 'pieces_unit' : '"&AI21&"', 'pieces_quantity' : '"&ROUND(AG21,3)&"', 'cooking_notes' : '"&AJ21&"'}).status_code; print('%s :: %s :: %s :: %s :: %s' %(a,"&G21&",'"&X21&"','"&Y21&"','"&U21&"'))" -> a = Client().post('/recipes/varai-khichdi/detail/', {'recipe' : '1', 'ingredient' : '66', 'name' : 'Dhania patta', 'mass_unit' : '2', 'mass_quantity' : '0', 'volume_unit' : '6', 'volume_quantity' : '0.1', 'pieces_unit' : '3', 'pieces_quantity' : '0', 'cooking_notes' : ''}).status_code; print('%s :: %s :: %s :: %s :: %s' %(a,21,'Dhania patta','dhaniya patta','Varai Khichdi'))
G22: 22 | H22: Jeera pwd | I22: Varai Khichdi | J22: Jeera pwd | M22: 0.083333333 | N22: ltr | R22: =VLOOKUP(J22,ingredient!$N$4:$O$553,2,0) -> jeera powder | U22: =I22 -> Varai Khichdi | V22: =VLOOKUP(U22,recipe_ingred_list!$A$2:$B$300,2,0) -> 1 | W22: ="/recipes/"&VLOOKUP(U22,recipe_ingred_list!$A$2:$C$300,3,0)&"/detail/" -> /recipes/varai-khichdi/detail/ | X22: =J22 -> Jeera pwd | Y22: =R22 -> jeera powder | Z22: =VLOOKUP(Y22,recipe_ingred_list!$D$2:$E$500,2,0) -> 103 | AA22: =K22 -> 0 | AB22: =L22 -> 0 | AC22: =VLOOKUP(AB22,recipe_ingred_list!$K$2:$M$7,3,0) -> 2 | AD22: =M22 -> 0.083333333 | AE22: =N22 -> ltr | AF22: =VLOOKUP(AE22,recipe_ingred_list!$K$16:$M$25,3,0) -> 1 | AG22: =O22 -> 0 | AH22: =P22 -> 0 | AI22: =VLOOKUP(AH22,recipe_ingred_list!$K$29:$M$34,3,0) -> 3 | AJ22: =IF(Q22="","",Q22) | AK22: =AK21+1 -> 22 | AL22: =Y22 -> jeera powder | AM22: ="a = Client().post('"&W22&"', {'recipe' : '"&V22&"', 'ingredient' : '"&Z22&"', 'name' : '"&X22&"', 'mass_unit' : '"&AC22&"', 'mass_quantity' : '"&ROUND(AA22,3)&"', 'volume_unit' : '"&AF22&"', 'volume_quantity' : '"&ROUND(AD22,3)&"', 'pieces_unit' : '"&AI22&"', 'pieces_quantity' : '"&ROUND(AG22,3)&"', 'cooking_notes' : '"&AJ22&"'}).status_code; print('%s :: %s :: %s :: %s :: %s' %(a,"&G22&",'"&X22&"','"&Y22&"','"&U22&"'))" -> a = Client().post('/recipes/varai-khichdi/detail/', {'recipe' : '1', 'ingredient' : '103', 'name' : 'Jeera pwd', 'mass_unit' : '2', 'mass_quantity' : '0', 'volume_unit' : '1', 'volume_quantity' : '0.083', 'pieces_unit' : '3', 'pieces_quantity' : '0', 'cooking_notes' : ''}).status_code; print('%s :: %s :: %s :: %s :: %s' %(a,22,'Jeera pwd','jeera powder','Varai Khichdi'))
G23: 23 | R23: =VLOOKUP(J23,ingredient!$N$4:$O$553,2,0) -> #N/A | U23: =I23 -> 0 | V23: =VLOOKUP(U23,recipe_ingred_list!$A$2:$B$300,2,0) -> #N/A | W23: ="/recipes/"&VLOOKUP(U23,recipe_ingred_list!$A$2:$C$300,3,0)&"/detail/" -> #N/A | X23: =J23 -> 0 | Y23: =R23 -> #N/A | Z23: =VLOOKUP(Y23,recipe_ingred_list!$D$2:$E$500,2,0) -> #N/A | AA23: =K23 -> 0 | AB23: =L23 -> 0 | AC23: =VLOOKUP(AB23,recipe_ingred_list!$K$2:$M$7,3,0) -> 2 | AD23: =M23 -> 0 | AE23: =N23 -> 0 | AF23: =VLOOKUP(AE23,recipe_ingred_list!$K$16:$M$25,3,0) -> 1 | AG23: =O23 -> 0 | AH23: =P23 -> 0 | AI23: =VLOOKUP(AH23,recipe_ingred_list!$K$29:$M$34,3,0) -> 3 | AJ23: =IF(Q23="","",Q23) | AK23: =AK22+1 -> 23 | AL23: =Y23 -> #N/A | AM23: ="a = Client().post('"&W23&"', {'recipe' : '"&V23&"', 'ingredient' : '"&Z23&"', 'name' : '"&X23&"', 'mass_unit' : '"&AC23&"', 'mass_quantity' : '"&ROUND(AA23,3)&"', 'volume_unit' : '"&AF23&"', 'volume_quantity' : '"&ROUND(AD23,3)&"', 'pieces_unit' : '"&AI23&"', 'pieces_quantity' : '"&ROUND(AG23,3)&"', 'cooking_notes' : '"&AJ23&"'}).status_code; print('%s :: %s :: %s :: %s :: %s' %(a,"&G23&",'"&X23&"','"&Y23&"','"&U23&"'))" -> #N/A
G24: 24 | H24: Checking | I24: recipe | J24: Name | K24: mass_quantity | L24: mass_unit | M24: volume_quantity | N24: volume_unit | O24: pieces_quantity | P24: pieces_unit | Q24: Cooking instructions | R24: =VLOOKUP(J24,ingredient!$N$4:$O$553,2,0) -> #N/A | U24: =I24 -> recipe | V24: =VLOOKUP(U24,recipe_ingred_list!$A$2:$B$300,2,0) -> #N/A | W24: ="/recipes/"&VLOOKUP(U24,recipe_ingred_list!$A$2:$C$300,3,0)&"/detail/" -> #N/A | X24: =J24 -> Name | Y24: =R24 -> #N/A | Z24: =VLOOKUP(Y24,recipe_ingred_list!$D$2:$E$500,2,0) -> #N/A | AA24: =K24 -> mass_quantity | AB24: =L24 -> mass_unit | AC24: =VLOOKUP(AB24,recipe_ingred_list!$K$2:$M$7,3,0) -> #N/A | AD24: =M24 -> volume_quantity | AE24: =N24 -> volume_unit | AF24: =VLOOKUP(AE24,recipe_ingred_list!$K$16:$M$25,3,0) -> #N/A | AG24: =O24 -> pieces_quantity | AH24: =P24 -> pieces_unit | AI24: =VLOOKUP(AH24,recipe_ingred_list!$K$29:$M$34,3,0) -> #N/A | AJ24: =IF(Q24="","",Q24) -> Cooking instructions | AK24: =AK23+1 -> 24 | AL24: =Y24 -> #N/A | AM24: ="a = Client().post('"&W24&"', {'recipe' : '"&V24&"', 'ingredient' : '"&Z24&"', 'name' : '"&X24&"', 'mass_unit' : '"&AC24&"', 'mass_quantity' : '"&ROUND(AA24,3)&"', 'volume_unit' : '"&AF24&"', 'volume_quantity' : '"&ROUND(AD24,3)&"', 'pieces_unit' : '"&AI24&"', 'pieces_quantity' : '"&ROUND(AG24,3)&"', 'cooking_notes' : '"&AJ24&"'}).status_code; print('%s :: %s :: %s :: %s :: %s' %(a,"&G24&",'"&X24&"','"&Y24&"','"&U24&"'))" -> #N/A
G25: 25 | H25: Salli | I25: Potato Salli | J25: Salli | K25: 4 | L25: kg | R25: =VLOOKUP(J25,ingredient!$N$4:$O$553,2,0) -> salli | U25: =I25 -> Potato Salli | V25: =VLOOKUP(U25,recipe_ingred_list!$A$2:$B$300,2,0) -> 94 | W25: ="/recipes/"&VLOOKUP(U25,recipe_ingred_list!$A$2:$C$300,3,0)&"/detail/" -> /recipes/potato-salli/detail/ | X25: =J25 -> Salli | Y25: =R25 -> salli | Z25: =VLOOKUP(Y25,recipe_ingred_list!$D$2:$E$500,2,0) -> 215 | AA25: =K25 -> 4 | AB25: =L25 -> kg | AC25: =VLOOKUP(AB25,recipe_ingred_list!$K$2:$M$7,3,0) -> 2 | AD25: =M25 -> 0 | AE25: =N25 -> 0 | AF25: =VLOOKUP(AE25,recipe_ingred_list!$K$16:$M$25,3,0) -> 1 | AG25: =O25 -> 0 | AH25: =P25 -> 0 | AI25: =VLOOKUP(AH25,recipe_ingred_list!$K$29:$M$34,3,0) -> 3 | AJ25: =IF(Q25="","",Q25) | AK25: =AK24+1 -> 25 | AL25: =Y25 -> salli | AM25: ="a = Client().post('"&W25&"', {'recipe' : '"&V25&"', 'ingredient' : '"&Z25&"', 'name' : '"&X25&"', 'mass_unit' : '"&AC25&"', 'mass_quantity' : '"&ROUND(AA25,3)&"', 'volume_unit' : '"&AF25&"', 'volume_quantity' : '"&ROUND(AD25,3)&"', 'pieces_unit' : '"&AI25&"', 'pieces_quantity' : '"&ROUND(AG25,3)&"', 'cooking_notes' : '"&AJ25&"'}).status_code; print('%s :: %s :: %s :: %s :: %s' %(a,"&G25&",'"&X25&"','"&Y25&"','"&U25&"'))" -> a = Client().post('/recipes/potato-salli/detail/', {'recipe' : '94', 'ingredient' : '215', 'name' : 'Salli', 'mass_unit' : '2', 'mass_quantity' : '4', 'volume_unit' : '1', 'volume_quantity' : '0', 'pieces_unit' : '3', 'pieces_quantity' : '0', 'cooking_notes' : ''}).status_code; print('%s :: %s :: %s :: %s :: %s' %(a,25,'Salli','salli','Potato Salli'))
G26: 26 | H26: Black Pepper Pwd | I26: Potato Salli | J26: Black Pepper Pwd | M26: 0.5 | N26: cup | R26: =VLOOKUP(J26,ingredient!$N$4:$O$553,2,0) -> black pepper | U26: =I26 -> Potato Salli | V26: =VLOOKUP(U26,recipe_ingred_list!$A$2:$B$300,2,0) -> 94 | W26: ="/recipes/"&VLOOKUP(U26,recipe_ingred_list!$A$2:$C$300,3,0)&"/detail/" -> /recipes/potato-salli/detail/ | X26: =J26 -> Black Pepper Pwd | Y26: =R26 -> black pepper | Z26: =VLOOKUP(Y26,recipe_ingred_list!$D$2:$E$500,2,0) -> 31 | AA26: =K26 -> 0 | AB26: =L26 -> 0 | AC26: =VLOOKUP(AB26,recipe_ingred_list!$K$2:$M$7,3,0) -> 2 | AD26: =M26 -> 0.5 | AE26: =N26 -> cup | AF26: =VLOOKUP(AE26,recipe_ingred_list!$K$16:$M$25,3,0) -> 5 | AG26: =O26 -> 0 | AH26: =P26 -> 0 | AI26: =VLOOKUP(AH26,recipe_ingred_list!$K$29:$M$34,3,0) -> 3 | AJ26: =IF(Q26="","",Q26) | AK26: =AK25+1 -> 26 | AL26: =Y26 -> black pepper | AM26: ="a = Client().post('"&W26&"', {'recipe' : '"&V26&"', 'ingredient' : '"&Z26&"', 'name' : '"&X26&"', 'mass_unit' : '"&AC26&"', 'mass_quantity' : '"&ROUND(AA26,3)&"', 'volume_unit' : '"&AF26&"', 'volume_quantity' : '"&ROUND(AD26,3)&"', 'pieces_unit' : '"&AI26&"', 'pieces_quantity' : '"&ROUND(AG26,3)&"', 'cooking_notes' : '"&AJ26&"'}).status_code; print('%s :: %s :: %s :: %s :: %s' %(a,"&G26&",'"&X26&"','"&Y26&"','"&U26&"'))" -> a = Client().post('/recipes/potato-salli/detail/', {'recipe' : '94', 'ingredient' : '31', 'name' : 'Black Pepper Pwd', 'mass_unit' : '2', 'mass_quantity' : '0', 'volume_unit' : '5', 'volume_quantity' : '0.5', 'pieces_unit' : '3', 'pieces_quantity' : '0', 'cooking_notes' : ''}).status_code; print('%s :: %s :: %s :: %s :: %s' %(a,26,'Black Pepper Pwd','black pepper','Potato Salli'))
G27: 27 | H27: Black Salt | I27: Potato Salli | J27: Black Salt | M27: 0.5 | N27: cup | R27: =VLOOKUP(J27,ingredient!$N$4:$O$553,2,0) -> black salt | U27: =I27 -> Potato Salli | V27: =VLOOKUP(U27,recipe_ingred_list!$A$2:$B$300,2,0) -> 94 | W27: ="/recipes/"&VLOOKUP(U27,recipe_ingred_list!$A$2:$C$300,3,0)&"/detail/" -> /recipes/potato-salli/detail/ | X27: =J27 -> Black Salt | Y27: =R27 -> black salt | Z27: =VLOOKUP(Y27,recipe_ingred_list!$D$2:$E$500,2,0) -> 32 | AA27: =K27 -> 0 | AB27: =L27 -> 0 | AC27: =VLOOKUP(AB27,recipe_ingred_list!$K$2:$M$7,3,0) -> 2 | AD27: =M27 -> 0.5 | AE27: =N27 -> cup | AF27: =VLOOKUP(AE27,recipe_ingred_list!$K$16:$M$25,3,0) -> 5 | AG27: =O27 -> 0 | AH27: =P27 -> 0 | AI27: =VLOOKUP(AH27,recipe_ingred_list!$K$29:$M$34,3,0) -> 3 | AJ27: =IF(Q27="","",Q27) | AK27: =AK26+1 -> 27 | AL27: =Y27 -> black salt | AM27: ="a = Client().post('"&W27&"', {'recipe' : '"&V27&"', 'ingredient' : '"&Z27&"', 'name' : '"&X27&"', 'mass_unit' : '"&AC27&"', 'mass_quantity' : '"&ROUND(AA27,3)&"', 'volume_unit' : '"&AF27&"', 'volume_quantity' : '"&ROUND(AD27,3)&"', 'pieces_unit' : '"&AI27&"', 'pieces_quantity' : '"&ROUND(AG27,3)&"', 'cooking_notes' : '"&AJ27&"'}).status_code; print('%s :: %s :: %s :: %s :: %s' %(a,"&G27&",'"&X27&"','"&Y27&"','"&U27&"'))" -> a = Client().post('/recipes/potato-salli/detail/', {'recipe' : '94', 'ingredient' : '32', 'name' : 'Black Salt', 'mass_unit' : '2', 'mass_quantity' : '0', 'volume_unit' : '5', 'volume_quantity' : '0.5', 'pieces_unit' : '3', 'pieces_quantity' : '0', 'cooking_notes' : ''}).status_code; print('%s :: %s :: %s :: %s :: %s' %(a,27,'Black Salt','black salt','Potato Salli'))
G28: 28 | H28: Salt | I28: Potato Salli | J28: Salt | M28: 0.5 | N28: cup | R28: =VLOOKUP(J28,ingredient!$N$4:$O$553,2,0) -> salt | U28: =I28 -> Potato Salli | V28: =VLOOKUP(U28,recipe_ingred_list!$A$2:$B$300,2,0) -> 94 | W28: ="/recipes/"&VLOOKUP(U28,recipe_ingred_list!$A$2:$C$300,3,0)&"/detail/" -> /recipes/potato-salli/detail/ | X28: =J28 -> Salt | Y28: =R28 -> salt | Z28: =VLOOKUP(Y28,recipe_ingred_list!$D$2:$E$500,2,0) -> 177 | AA28: =K28 -> 0 | AB28: =L28 -> 0 | AC28: =VLOOKUP(AB28,recipe_ingred_list!$K$2:$M$7,3,0) -> 2 | AD28: =M28 -> 0.5 | AE28: =N28 -> cup | AF28: =VLOOKUP(AE28,recipe_ingred_list!$K$16:$M$25,3,0) -> 5 | AG28: =O28 -> 0 | AH28: =P28 -> 0 | AI28: =VLOOKUP(AH28,recipe_ingred_list!$K$29:$M$34,3,0) -> 3 | AJ28: =IF(Q28="","",Q28) | AK28: =AK27+1 -> 28 | AL28: =Y28 -> salt | AM28: ="a = Client().post('"&W28&"', {'recipe' : '"&V28&"', 'ingredient' : '"&Z28&"', 'name' : '"&X28&"', 'mass_unit' : '"&AC28&"', 'mass_quantity' : '"&ROUND(AA28,3)&"', 'volume_unit' : '"&AF28&"', 'volume_quantity' : '"&ROUND(AD28,3)&"', 'pieces_unit' : '"&AI28&"', 'pieces_quantity' : '"&ROUND(AG28,3)&"', 'cooking_notes' : '"&AJ28&"'}).status_code; print('%s :: %s :: %s :: %s :: %s' %(a,"&G28&",'"&X28&"','"&Y28&"','"&U28&"'))" -> a = Client().post('/recipes/potato-salli/detail/', {'recipe' : '94', 'ingredient' : '177', 'name' : 'Salt', 'mass_unit' : '2', 'mass_quantity' : '0', 'volume_unit' : '5', 'volume_quantity' : '0.5', 'pieces_unit' : '3', 'pieces_quantity' : '0', 'cooking_notes' : ''}).status_code; print('%s :: %s :: %s :: %s :: %s' %(a,28,'Salt','salt','Potato Salli'))
G29: 29 | H29: Oil for frying | I29: Potato Salli | J29: Oil for frying | M29: 0 | N29: ltr | R29: =VLOOKUP(J29,ingredient!$N$4:$O$553,2,0) -> gound nut oil | U29: =I29 -> Potato Salli | V29: =VLOOKUP(U29,recipe_ingred_list!$A$2:$B$300,2,0) -> 94 | W29: ="/recipes/"&VLOOKUP(U29,recipe_ingred_list!$A$2:$C$300,3,0)&"/detail/" -> /recipes/potato-salli/detail/ | X29: =J29 -> Oil for frying | Y29: =R29 -> gound nut oil | Z29: =VLOOKUP(Y29,recipe_ingred_list!$D$2:$E$500,2,0) -> 83 | AA29: =K29 -> 0 | AB29: =L29 -> 0 | AC29: =VLOOKUP(AB29,recipe_ingred_list!$K$2:$M$7,3,0) -> 2 | AD29: =M29 -> 0 | AE29: =N29 -> ltr | AF29: =VLOOKUP(AE29,recipe_ingred_list!$K$16:$M$25,3,0) -> 1 | AG29: =O29 -> 0 | AH29: =P29 -> 0 | AI29: =VLOOKUP(AH29,recipe_ingred_list!$K$29:$M$34,3,0) -> 3 | AJ29: =IF(Q29="","",Q29) | AK29: =AK28+1 -> 29 | AL29: =Y29 -> gound nut oil | AM29: ="a = Client().post('"&W29&"', {'recipe' : '"&V29&"', 'ingredient' : '"&Z29&"', 'name' : '"&X29&"', 'mass_unit' : '"&AC29&"', 'mass_quantity' : '"&ROUND(AA29,3)&"', 'volume_unit' : '"&AF29&"', 'volume_quantity' : '"&ROUND(AD29,3)&"', 'pieces_unit' : '"&AI29&"', 'pieces_quantity' : '"&ROUND(AG29,3)&"', 'cooking_notes' : '"&AJ29&"'}).status_code; print('%s :: %s :: %s :: %s :: %s' %(a,"&G29&",'"&X29&"','"&Y29&"','"&U29&"'))" -> a = Client().post('/recipes/potato-salli/detail/', {'recipe' : '94', 'ingredient' : '83', 'name' : 'Oil for frying ', 'mass_unit' : '2', 'mass_quantity' : '0', 'volume_unit' : '1', 'volume_quantity' : '0', 'pieces_unit' : '3', 'pieces_quantity' : '0', 'cooking_notes' : ''}).status_code; print('%s :: %s :: %s :: %s :: %s' %(a,29,'Oil for frying ','gound nut oil','Potato Salli'))
G30: 30 | R30: =VLOOKUP(J30,ingredient!$N$4:$O$553,2,0) -> #N/A | U30: =I30 -> 0 | V30: =VLOOKUP(U30,recipe_ingred_list!$A$2:$B$300,2,0) -> #N/A | W30: ="/recipes/"&VLOOKUP(U30,recipe_ingred_list!$A$2:$C$300,3,0)&"/detail/" -> #N/A | X30: =J30 -> 0 | Y30: =R30 -> #N/A | Z30: =VLOOKUP(Y30,recipe_ingred_list!$D$2:$E$500,2,0) -> #N/A | AA30: =K30 -> 0 | AB30: =L30 -> 0 | AC30: =VLOOKUP(AB30,recipe_ingred_list!$K$2:$M$7,3,0) -> 2 | AD30: =M30 -> 0 | AE30: =N30 -> 0 | AF30: =VLOOKUP(AE30,recipe_ingred_list!$K$16:$M$25,3,0) -> 1 | AG30: =O30 -> 0 | AH30: =P30 -> 0 | AI30: =VLOOKUP(AH30,recipe_ingred_list!$K$29:$M$34,3,0) -> 3 | AJ30: =IF(Q30="","",Q30) | AK30: =AK29+1 -> 30 | AL30: =Y30 -> #N/A | AM30: ="a = Client().post('"&W30&"', {'recipe' : '"&V30&"', 'ingredient' : '"&Z30&"', 'name' : '"&X30&"', 'mass_unit' : '"&AC30&"', 'mass_quantity' : '"&ROUND(AA30,3)&"', 'volume_unit' : '"&AF30&"', 'volume_quantity' : '"&ROUND(AD30,3)&"', 'pieces_unit' : '"&AI30&"', 'pieces_quantity' : '"&ROUND(AG30,3)&"', 'cooking_notes' : '"&AJ30&"'}).status_code; print('%s :: %s :: %s :: %s :: %s' %(a,"&G30&",'"&X30&"','"&Y30&"','"&U30&"'))" -> #N/A
G31: 31 | H31: Checking | I31: recipe | J31: Name | K31: mass_quantity | L31: mass_unit | M31: volume_quantity | N31: volume_unit | O31: pieces_quantity | P31: pieces_unit | Q31: Cooking instructions | R31: =VLOOKUP(J31,ingredient!$N$4:$O$553,2,0) -> #N/A | U31: =I31 -> recipe | V31: =VLOOKUP(U31,recipe_ingred_list!$A$2:$B$300,2,0) -> #N/A | W31: ="/recipes/"&VLOOKUP(U31,recipe_ingred_list!$A$2:$C$300,3,0)&"/detail/" -> #N/A | X31: =J31 -> Name | Y31: =R31 -> #N/A | Z31: =VLOOKUP(Y31,recipe_ingred_list!$D$2:$E$500,2,0) -> #N/A | AA31: =K31 -> mass_quantity | AB31: =L31 -> mass_unit | AC31: =VLOOKUP(AB31,recipe_ingred_list!$K$2:$M$7,3,0) -> #N/A | AD31: =M31 -> volume_quantity | AE31: =N31 -> volume_unit | AF31: =VLOOKUP(AE31,recipe_ingred_list!$K$16:$M$25,3,0) -> #N/A | AG31: =O31 -> pieces_quantity | AH31: =P31 -> pieces_unit | AI31: =VLOOKUP(AH31,recipe_ingred_list!$K$29:$M$34,3,0) -> #N/A | AJ31: =IF(Q31="","",Q31) -> Cooking instructions | AK31: =AK30+1 -> 31 | AL31: =Y31 -> #N/A | AM31: ="a = Client().post('"&W31&"', {'recipe' : '"&V31&"', 'ingredient' : '"&Z31&"', 'name' : '"&X31&"', 'mass_unit' : '"&AC31&"', 'mass_quantity' : '"&ROUND(AA31,3)&"', 'volume_unit' : '"&AF31&"', 'volume_quantity' : '"&ROUND(AD31,3)&"', 'pieces_unit' : '"&AI31&"', 'pieces_quantity' : '"&ROUND(AG31,3)&"', 'cooking_notes' : '"&AJ31&"'}).status_code; print('%s :: %s :: %s :: %s :: %s' %(a,"&G31&",'"&X31&"','"&Y31&"','"&U31&"'))" -> #N/A
G32: 32 | H32: Varai rice | I32: Varai Pulav2 | J32: Varai rice | K32: 30 | L32: kg | R32: =VLOOKUP(J32,ingredient!$N$4:$O$553,2,0) -> varai | U32: =I32 -> Varai Pulav2 | V32: =VLOOKUP(U32,recipe_ingred_list!$A$2:$B$300,2,0) -> 96 | W32: ="/recipes/"&VLOOKUP(U32,recipe_ingred_list!$A$2:$C$300,3,0)&"/detail/" -> /recipes/varai-pulav2/detail/ | X32: =J32 -> Varai rice | Y32: =R32 -> varai | Z32: =VLOOKUP(Y32,recipe_ingred_list!$D$2:$E$500,2,0) -> 201 | AA32: =K32 -> 30 | AB32: =L32 -> kg | AC32: =VLOOKUP(AB32,recipe_ingred_list!$K$2:$M$7,3,0) -> 2 | AD32: =M32 -> 0 | AE32: =N32 -> 0 | AF32: =VLOOKUP(AE32,recipe_ingred_list!$K$16:$M$25,3,0) -> 1 | AG32: =O32 -> 0 | AH32: =P32 -> 0 | AI32: =VLOOKUP(AH32,recipe_ingred_list!$K$29:$M$34,3,0) -> 3 | AJ32: =IF(Q32="","",Q32) | AK32: =AK31+1 -> 32 | AL32: =Y32 -> varai | AM32: ="a = Client().post('"&W32&"', {'recipe' : '"&V32&"', 'ingredient' : '"&Z32&"', 'name' : '"&X32&"', 'mass_unit' : '"&AC32&"', 'mass_quantity' : '"&ROUND(AA32,3)&"', 'volume_unit' : '"&AF32&"', 'volume_quantity' : '"&ROUND(AD32,3)&"', 'pieces_unit' : '"&AI32&"', 'pieces_quantity' : '"&ROUND(AG32,3)&"', 'cooking_notes' : '"&AJ32&"'}).status_code; print('%s :: %s :: %s :: %s :: %s' %(a,"&G32&",'"&X32&"','"&Y32&"','"&U32&"'))" -> a = Client().post('/recipes/varai-pulav2/detail/', {'recipe' : '96', 'ingredient' : '201', 'name' : 'Varai rice', 'mass_unit' : '2', 'mass_quantity' : '30', 'volume_unit' : '1', 'volume_quantity' : '0', 'pieces_unit' : '3', 'pieces_quantity' : '0', 'cooking_notes' : ''}).status_code; print('%s :: %s :: %s :: %s :: %s' %(a,32,'Varai rice','varai','Varai Pulav2'))
G33: 33 | H33: Groundnut Oil | I33: Varai Pulav2 | J33: Groundnut oil for tadka | M33: 10 | N33: ltr | R33: =VLOOKUP(J33,ingredient!$N$4:$O$553,2,0) -> ground nut oil | U33: =I33 -> Varai Pulav2 | V33: =VLOOKUP(U33,recipe_ingred_list!$A$2:$B$300,2,0) -> 96 | W33: ="/recipes/"&VLOOKUP(U33,recipe_ingred_list!$A$2:$C$300,3,0)&"/detail/" -> /recipes/varai-pulav2/detail/ | X33: =J33 -> Groundnut oil for tadka | Y33: =R33 -> ground nut oil | Z33: =VLOOKUP(Y33,recipe_ingred_list!$D$2:$E$500,2,0) -> 89 | AA33: =K33 -> 0 | AB33: =L33 -> 0 | AC33: =VLOOKUP(AB33,recipe_ingred_list!$K$2:$M$7,3,0) -> 2 | AD33: =M33 -> 10 | AE33: =N33 -> ltr | AF33: =VLOOKUP(AE33,recipe_ingred_list!$K$16:$M$25,3,0) -> 1 | AG33: =O33 -> 0 | AH33: =P33 -> 0 | AI33: =VLOOKUP(AH33,recipe_ingred_list!$K$29:$M$34,3,0) -> 3 | AJ33: =IF(Q33="","",Q33) | AK33: =AK32+1 -> 33 | AL33: =Y33 -> ground nut oil | AM33: ="a = Client().post('"&W33&"', {'recipe' : '"&V33&"', 'ingredient' : '"&Z33&"', 'name' : '"&X33&"', 'mass_unit' : '"&AC33&"', 'mass_quantity' : '"&ROUND(AA33,3)&"', 'volume_unit' : '"&AF33&"', 'volume_quantity' : '"&ROUND(AD33,3)&"', 'pieces_unit' : '"&AI33&"', 'pieces_quantity' : '"&ROUND(AG33,3)&"', 'cooking_notes' : '"&AJ33&"'}).status_code; print('%s :: %s :: %s :: %s :: %s' %(a,"&G33&",'"&X33&"','"&Y33&"','"&U33&"'))" -> a = Client().post('/recipes/varai-pulav2/detail/', {'recipe' : '96', 'ingredient' : '89', 'name' : 'Groundnut oil for tadka', 'mass_unit' : '2', 'mass_quantity' : '0', 'volume_unit' : '1', 'volume_quantity' : '10', 'pieces_unit' : '3', 'pieces_quantity' : '0', 'cooking_notes' : ''}).status_code; print('%s :: %s :: %s :: %s :: %s' %(a,33,'Groundnut oil for tadka','ground nut oil','Varai Pulav2'))
G34: 34 | H34: Tejpatta | I34: Varai Pulav2 | J34: Tejpatta | M34: 1 | N34: ltr | R34: =VLOOKUP(J34,ingredient!$N$4:$O$553,2,0) -> tej patta | U34: =I34 -> Varai Pulav2 | V34: =VLOOKUP(U34,recipe_ingred_list!$A$2:$B$300,2,0) -> 96 | W34: ="/recipes/"&VLOOKUP(U34,recipe_ingred_list!$A$2:$C$300,3,0)&"/detail/" -> /recipes/varai-pulav2/detail/ | X34: =J34 -> Tejpatta | Y34: =R34 -> tej patta | Z34: =VLOOKUP(Y34,recipe_ingred_list!$D$2:$E$500,2,0) -> 191 | AA34: =K34 -> 0 | AB34: =L34 -> 0 | AC34: =VLOOKUP(AB34,recipe_ingred_list!$K$2:$M$7,3,0) -> 2 | AD34: =M34 -> 1 | AE34: =N34 -> ltr | AF34: =VLOOKUP(AE34,recipe_ingred_list!$K$16:$M$25,3,0) -> 1 | AG34: =O34 -> 0 | AH34: =P34 -> 0 | AI34: =VLOOKUP(AH34,recipe_ingred_list!$K$29:$M$34,3,0) -> 3 | AJ34: =IF(Q34="","",Q34) | AK34: =AK33+1 -> 34 | AL34: =Y34 -> tej patta | AM34: ="a = Client().post('"&W34&"', {'recipe' : '"&V34&"', 'ingredient' : '"&Z34&"', 'name' : '"&X34&"', 'mass_unit' : '"&AC34&"', 'mass_quantity' : '"&ROUND(AA34,3)&"', 'volume_unit' : '"&AF34&"', 'volume_quantity' : '"&ROUND(AD34,3)&"', 'pieces_unit' : '"&AI34&"', 'pieces_quantity' : '"&ROUND(AG34,3)&"', 'cooking_notes' : '"&AJ34&"'}).status_code; print('%s :: %s :: %s :: %s :: %s' %(a,"&G34&",'"&X34&"','"&Y34&"','"&U34&"'))" -> a = Client().post('/recipes/varai-pulav2/detail/', {'recipe' : '96', 'ingredient' : '191', 'name' : 'Tejpatta', 'mass_unit' : '2', 'mass_quantity' : '0', 'volume_unit' : '1', 'volume_quantity' : '1', 'pieces_unit' : '3', 'pieces_quantity' : '0', 'cooking_notes' : ''}).status_code; print('%s :: %s :: %s :: %s :: %s' %(a,34,'Tejpatta','tej patta','Varai Pulav2'))
G35: 35 | H35: Jeera | I35: Varai Pulav2 | J35: Jeera | M35: 0.75 | N35: ltr | R35: =VLOOKUP(J35,ingredient!$N$4:$O$553,2,0) -> jeera | U35: =I35 -> Varai Pulav2 | V35: =VLOOKUP(U35,recipe_ingred_list!$A$2:$B$300,2,0) -> 96 | W35: ="/recipes/"&VLOOKUP(U35,recipe_ingred_list!$A$2:$C$300,3,0)&"/detail/" -> /recipes/varai-pulav2/detail/ | X35: =J35 -> Jeera | Y35: =R35 -> jeera | Z35: =VLOOKUP(Y35,recipe_ingred_list!$D$2:$E$500,2,0) -> 102 | AA35: =K35 -> 0 | AB35: =L35 -> 0 | AC35: =VLOOKUP(AB35,recipe_ingred_list!$K$2:$M$7,3,0) -> 2 | AD35: =M35 -> 0.75 | AE35: =N35 -> ltr | AF35: =VLOOKUP(AE35,recipe_ingred_list!$K$16:$M$25,3,0) -> 1 | AG35: =O35 -> 0 | AH35: =P35 -> 0 | AI35: =VLOOKUP(AH35,recipe_ingred_list!$K$29:$M$34,3,0) -> 3 | AJ35: =IF(Q35="","",Q35) | AK35: =AK34+1 -> 35 | AL35: =Y35 -> jeera | AM35: ="a = Client().post('"&W35&"', {'recipe' : '"&V35&"', 'ingredient' : '"&Z35&"', 'name' : '"&X35&"', 'mass_unit' : '"&AC35&"', 'mass_quantity' : '"&ROUND(AA35,3)&"', 'volume_unit' : '"&AF35&"', 'volume_quantity' : '"&ROUND(AD35,3)&"', 'pieces_unit' : '"&AI35&"', 'pieces_quantity' : '"&ROUND(AG35,3)&"', 'cooking_notes' : '"&AJ35&"'}).status_code; print('%s :: %s :: %s :: %s :: %s' %(a,"&G35&",'"&X35&"','"&Y35&"','"&U35&"'))" -> a = Client().post('/recipes/varai-pulav2/detail/', {'recipe' : '96', 'ingredient' : '102', 'name' : 'Jeera', 'mass_unit' : '2', 'mass_quantity' : '0', 'volume_unit' : '1', 'volume_quantity' : '0.75', 'pieces_unit' : '3', 'pieces_quantity' : '0', 'cooking_notes' : ''}).status_code; print('%s :: %s :: %s :: %s :: %s' %(a,35,'Jeera','jeera','Varai Pulav2'))
G36: 36 | H36: kadi patta | I36: Varai Pulav2 | J36: kadi patta | M36: 2 | N36: ltr | R36: =VLOOKUP(J36,ingredient!$N$4:$O$553,2,0) -> kadi patta | U36: =I36 -> Varai Pulav2 | V36: =VLOOKUP(U36,recipe_ingred_list!$A$2:$B$300,2,0) -> 96 | W36: ="/recipes/"&VLOOKUP(U36,recipe_ingred_list!$A$2:$C$300,3,0)&"/detail/" -> /recipes/varai-pulav2/detail/ | X36: =J36 -> kadi patta | Y36: =R36 -> kadi patta | Z36: =VLOOKUP(Y36,recipe_ingred_list!$D$2:$E$500,2,0) -> 105 | AA36: =K36 -> 0 | AB36: =L36 -> 0 | AC36: =VLOOKUP(AB36,recipe_ingred_list!$K$2:$M$7,3,0) -> 2 | AD36: =M36 -> 2 | AE36: =N36 -> ltr | AF36: =VLOOKUP(AE36,recipe_ingred_list!$K$16:$M$25,3,0) -> 1 | AG36: =O36 -> 0 | AH36: =P36 -> 0 | AI36: =VLOOKUP(AH36,recipe_ingred_list!$K$29:$M$34,3,0) -> 3 | AJ36: =IF(Q36="","",Q36) | AK36: =AK35+1 -> 36 | AL36: =Y36 -> kadi patta | AM36: ="a = Client().post('"&W36&"', {'recipe' : '"&V36&"', 'ingredient' : '"&Z36&"', 'name' : '"&X36&"', 'mass_unit' : '"&AC36&"', 'mass_quantity' : '"&ROUND(AA36,3)&"', 'volume_unit' : '"&AF36&"', 'volume_quantity' : '"&ROUND(AD36,3)&"', 'pieces_unit' : '"&AI36&"', 'pieces_quantity' : '"&ROUND(AG36,3)&"', 'cooking_notes' : '"&AJ36&"'}).status_code; print('%s :: %s :: %s :: %s :: %s' %(a,"&G36&",'"&X36&"','"&Y36&"','"&U36&"'))" -> a = Client().post('/recipes/varai-pulav2/detail/', {'recipe' : '96', 'ingredient' : '105', 'name' : 'kadi patta', 'mass_unit' : '2', 'mass_quantity' : '0', 'volume_unit' : '1', 'volume_quantity' : '2', 'pieces_unit' : '3', 'pieces_quantity' : '0', 'cooking_notes' : ''}).status_code; print('%s :: %s :: %s :: %s :: %s' %(a,36,'kadi patta','kadi patta','Varai Pulav2'))
G37: 37 | H37: Gajar | I37: Varai Pulav2 | J37: Gajar | K37: 4 | L37: kg | M37: 5 | N37: ltr | R37: =VLOOKUP(J37,ingredient!$N$4:$O$553,2,0) -> gajar | U37: =I37 -> Varai Pulav2 | V37: =VLOOKUP(U37,recipe_ingred_list!$A$2:$B$300,2,0) -> 96 | W37: ="/recipes/"&VLOOKUP(U37,recipe_ingred_list!$A$2:$C$300,3,0)&"/detail/" -> /recipes/varai-pulav2/detail/ | X37: =J37 -> Gajar | Y37: =R37 -> gajar | Z37: =VLOOKUP(Y37,recipe_ingred_list!$D$2:$E$500,2,0) -> 79 | AA37: =K37 -> 4 | AB37: =L37 -> kg | AC37: =VLOOKUP(AB37,recipe_ingred_list!$K$2:$M$7,3,0) -> 2 | AD37: =M37 -> 5 | AE37: =N37 -> ltr | AF37: =VLOOKUP(AE37,recipe_ingred_list!$K$16:$M$25,3,0) -> 1 | AG37: =O37 -> 0 | AH37: =P37 -> 0 | AI37: =VLOOKUP(AH37,recipe_ingred_list!$K$29:$M$34,3,0) -> 3 | AJ37: =IF(Q37="","",Q37) | AK37: =AK36+1 -> 37 | AL37: =Y37 -> gajar | AM37: ="a = Client().post('"&W37&"', {'recipe' : '"&V37&"', 'ingredient' : '"&Z37&"', 'name' : '"&X37&"', 'mass_unit' : '"&AC37&"', 'mass_quantity' : '"&ROUND(AA37,3)&"', 'volume_unit' : '"&AF37&"', 'volume_quantity' : '"&ROUND(AD37,3)&"', 'pieces_unit' : '"&AI37&"', 'pieces_quantity' : '"&ROUND(AG37,3)&"', 'cooking_notes' : '"&AJ37&"'}).status_code; print('%s :: %s :: %s :: %s :: %s' %(a,"&G37&",'"&X37&"','"&Y37&"','"&U37&"'))" -> a = Client().post('/recipes/varai-pulav2/detail/', {'recipe' : '96', 'ingredient' : '79', 'name' : 'Gajar', 'mass_unit' : '2', 'mass_quantity' : '4', 'volume_unit' : '1', 'volume_quantity' : '5', 'pieces_unit' : '3', 'pieces_quantity' : '0', 'cooking_notes' : ''}).status_code; print('%s :: %s :: %s :: %s :: %s' %(a,37,'Gajar','gajar','Varai Pulav2'))
G38: 38 | H38: Cabbage | I38: Varai Pulav2 | J38: Cabbage | K38: 12 | L38: kg | M38: 30 | N38: ltr | R38: =VLOOKUP(J38,ingredient!$N$4:$O$553,2,0) -> cabbage | U38: =I38 -> Varai Pulav2 | V38: =VLOOKUP(U38,recipe_ingred_list!$A$2:$B$300,2,0) -> 96 | W38: ="/recipes/"&VLOOKUP(U38,recipe_ingred_list!$A$2:$C$300,3,0)&"/detail/" -> /recipes/varai-pulav2/detail/ | X38: =J38 -> Cabbage | Y38: =R38 -> cabbage | Z38: =VLOOKUP(Y38,recipe_ingred_list!$D$2:$E$500,2,0) -> 39 | AA38: =K38 -> 12 | AB38: =L38 -> kg | AC38: =VLOOKUP(AB38,recipe_ingred_list!$K$2:$M$7,3,0) -> 2 | AD38: =M38 -> 30 | AE38: =N38 -> ltr | AF38: =VLOOKUP(AE38,recipe_ingred_list!$K$16:$M$25,3,0) -> 1 | AG38: =O38 -> 0 | AH38: =P38 -> 0 | AI38: =VLOOKUP(AH38,recipe_ingred_list!$K$29:$M$34,3,0) -> 3 | AJ38: =IF(Q38="","",Q38) | AK38: =AK37+1 -> 38 | AL38: =Y38 -> cabbage | AM38: ="a = Client().post('"&W38&"', {'recipe' : '"&V38&"', 'ingredient' : '"&Z38&"', 'name' : '"&X38&"', 'mass_unit' : '"&AC38&"', 'mass_quantity' : '"&ROUND(AA38,3)&"', 'volume_unit' : '"&AF38&"', 'volume_quantity' : '"&ROUND(AD38,3)&"', 'pieces_unit' : '"&AI38&"', 'pieces_quantity' : '"&ROUND(AG38,3)&"', 'cooking_notes' : '"&AJ38&"'}).status_code; print('%s :: %s :: %s :: %s :: %s' %(a,"&G38&",'"&X38&"','"&Y38&"','"&U38&"'))" -> a = Client().post('/recipes/varai-pulav2/detail/', {'recipe' : '96', 'ingredient' : '39', 'name' : 'Cabbage', 'mass_unit' : '2', 'mass_quantity' : '12', 'volume_unit' : '1', 'volume_quantity' : '30', 'pieces_unit' : '3', 'pieces_quantity' : '0', 'cooking_notes' : ''}).status_code; print('%s :: %s :: %s :: %s :: %s' %(a,38,'Cabbage','cabbage','Varai Pulav2'))
G39: 39 | H39: Capsicum | I39: Varai Pulav2 | J39: Capsicum | K39: 3.5 | L39: kg | M39: 5 | N39: ltr | R39: =VLOOKUP(J39,ingredient!$N$4:$O$553,2,0) -> capsicum | U39: =I39 -> Varai Pulav2 | V39: =VLOOKUP(U39,recipe_ingred_list!$A$2:$B$300,2,0) -> 96 | W39: ="/recipes/"&VLOOKUP(U39,recipe_ingred_list!$A$2:$C$300,3,0)&"/detail/" -> /recipes/varai-pulav2/detail/ | X39: =J39 -> Capsicum | Y39: =R39 -> capsicum | Z39: =VLOOKUP(Y39,recipe_ingred_list!$D$2:$E$500,2,0) -> 42 | AA39: =K39 -> 3.5 | AB39: =L39 -> kg | AC39: =VLOOKUP(AB39,recipe_ingred_list!$K$2:$M$7,3,0) -> 2 | AD39: =M39 -> 5 | AE39: =N39 -> ltr | AF39: =VLOOKUP(AE39,recipe_ingred_list!$K$16:$M$25,3,0) -> 1 | AG39: =O39 -> 0 | AH39: =P39 -> 0 | AI39: =VLOOKUP(AH39,recipe_ingred_list!$K$29:$M$34,3,0) -> 3 | AJ39: =IF(Q39="","",Q39) | AK39: =AK38+1 -> 39 | AL39: =Y39 -> capsicum | AM39: ="a = Client().post('"&W39&"', {'recipe' : '"&V39&"', 'ingredient' : '"&Z39&"', 'name' : '"&X39&"', 'mass_unit' : '"&AC39&"', 'mass_quantity' : '"&ROUND(AA39,3)&"', 'volume_unit' : '"&AF39&"', 'volume_quantity' : '"&ROUND(AD39,3)&"', 'pieces_unit' : '"&AI39&"', 'pieces_quantity' : '"&ROUND(AG39,3)&"', 'cooking_notes' : '"&AJ39&"'}).status_code; print('%s :: %s :: %s :: %s :: %s' %(a,"&G39&",'"&X39&"','"&Y39&"','"&U39&"'))" -> a = Client().post('/recipes/varai-pulav2/detail/', {'recipe' : '96', 'ingredient' : '42', 'name' : 'Capsicum', 'mass_unit' : '2', 'mass_quantity' : '3.5', 'volume_unit' : '1', 'volume_quantity' : '5', 'pieces_unit' : '3', 'pieces_quantity' : '0', 'cooking_notes' : ''}).status_code; print('%s :: %s :: %s :: %s :: %s' %(a,39,'Capsicum','capsicum','Varai Pulav2'))
G40: 40 | H40: Salt | I40: Varai Pulav2 | J40: Salt | M40: 4 | N40: cup | R40: =VLOOKUP(J40,ingredient!$N$4:$O$553,2,0) -> salt | U40: =I40 -> Varai Pulav2 | V40: =VLOOKUP(U40,recipe_ingred_list!$A$2:$B$300,2,0) -> 96 | W40: ="/recipes/"&VLOOKUP(U40,recipe_ingred_list!$A$2:$C$300,3,0)&"/detail/" -> /recipes/varai-pulav2/detail/ | X40: =J40 -> Salt | Y40: =R40 -> salt | Z40: =VLOOKUP(Y40,recipe_ingred_list!$D$2:$E$500,2,0) -> 177 | AA40: =K40 -> 0 | AB40: =L40 -> 0 | AC40: =VLOOKUP(AB40,recipe_ingred_list!$K$2:$M$7,3,0) -> 2 | AD40: =M40 -> 4 | AE40: =N40 -> cup | AF40: =VLOOKUP(AE40,recipe_ingred_list!$K$16:$M$25,3,0) -> 5 | AG40: =O40 -> 0 | AH40: =P40 -> 0 | AI40: =VLOOKUP(AH40,recipe_ingred_list!$K$29:$M$34,3,0) -> 3 | AJ40: =IF(Q40="","",Q40) | AK40: =AK39+1 -> 40 | AL40: =Y40 -> salt | AM40: ="a = Client().post('"&W40&"', {'recipe' : '"&V40&"', 'ingredient' : '"&Z40&"', 'name' : '"&X40&"', 'mass_unit' : '"&AC40&"', 'mass_quantity' : '"&ROUND(AA40,3)&"', 'volume_unit' : '"&AF40&"', 'volume_quantity' : '"&ROUND(AD40,3)&"', 'pieces_unit' : '"&AI40&"', 'pieces_quantity' : '"&ROUND(AG40,3)&"', 'cooking_notes' : '"&AJ40&"'}).status_code; print('%s :: %s :: %s :: %s :: %s' %(a,"&G40&",'"&X40&"','"&Y40&"','"&U40&"'))" -> a = Client().post('/recipes/varai-pulav2/detail/', {'recipe' : '96', 'ingredient' : '177', 'name' : 'Salt', 'mass_unit' : '2', 'mass_quantity' : '0', 'volume_unit' : '5', 'volume_quantity' : '4', 'pieces_unit' : '3', 'pieces_quantity' : '0', 'cooking_notes' : ''}).status_code; print('%s :: %s :: %s :: %s :: %s' %(a,40,'Salt','salt','Varai Pulav2'))
G41: 41 | H41: Everest Pulav Masala | I41: Varai Pulav2 | J41: Everest Pulav Masala | M41: 2 | N41: cup | R41: =VLOOKUP(J41,ingredient!$N$4:$O$553,2,0) -> everest pulav masala | U41: =I41 -> Varai Pulav2 | V41: =VLOOKUP(U41,recipe_ingred_list!$A$2:$B$300,2,0) -> 96 | W41: ="/recipes/"&VLOOKUP(U41,recipe_ingred_list!$A$2:$C$300,3,0)&"/detail/" -> /recipes/varai-pulav2/detail/ | X41: =J41 -> Everest Pulav Masala | Y41: =R41 -> everest pulav masala | Z41: =VLOOKUP(Y41,recipe_ingred_list!$D$2:$E$500,2,0) -> 74 | AA41: =K41 -> 0 | AB41: =L41 -> 0 | AC41: =VLOOKUP(AB41,recipe_ingred_list!$K$2:$M$7,3,0) -> 2 | AD41: =M41 -> 2 | AE41: =N41 -> cup | AF41: =VLOOKUP(AE41,recipe_ingred_list!$K$16:$M$25,3,0) -> 5 | AG41: =O41 -> 0 | AH41: =P41 -> 0 | AI41: =VLOOKUP(AH41,recipe_ingred_list!$K$29:$M$34,3,0) -> 3 | AJ41: =IF(Q41="","",Q41) | AK41: =AK40+1 -> 41 | AL41: =Y41 -> everest pulav masala | AM41: ="a = Client().post('"&W41&"', {'recipe' : '"&V41&"', 'ingredient' : '"&Z41&"', 'name' : '"&X41&"', 'mass_unit' : '"&AC41&"', 'mass_quantity' : '"&ROUND(AA41,3)&"', 'volume_unit' : '"&AF41&"', 'volume_quantity' : '"&ROUND(AD41,3)&"', 'pieces_unit' : '"&AI41&"', 'pieces_quantity' : '"&ROUND(AG41,3)&"', 'cooking_notes' : '"&AJ41&"'}).status_code; print('%s :: %s :: %s :: %s :: %s' %(a,"&G41&",'"&X41&"','"&Y41&"','"&U41&"'))" -> a = Client().post('/recipes/varai-pulav2/detail/', {'recipe' : '96', 'ingredient' : '74', 'name' : 'Everest Pulav Masala', 'mass_unit' : '2', 'mass_quantity' : '0', 'volume_unit' : '5', 'volume_quantity' : '2', 'pieces_unit' : '3', 'pieces_quantity' : '0', 'cooking_notes' : ''}).status_code; print('%s :: %s :: %s :: %s :: %s' %(a,41,'Everest Pulav Masala','everest pulav masala','Varai Pulav2'))
G42: 42 | H42: Hot water | I42: Varai Pulav2 | J42: Hot water | M42: 60 | N42: ltr | Q42: 2 x Vol of Varai | R42: =VLOOKUP(J42,ingredient!$N$4:$O$553,2,0) -> hot water | U42: =I42 -> Varai Pulav2 | V42: =VLOOKUP(U42,recipe_ingred_list!$A$2:$B$300,2,0) -> 96 | W42: ="/recipes/"&VLOOKUP(U42,recipe_ingred_list!$A$2:$C$300,3,0)&"/detail/" -> /recipes/varai-pulav2/detail/ | X42: =J42 -> Hot water | Y42: =R42 -> hot water | Z42: =VLOOKUP(Y42,recipe_ingred_list!$D$2:$E$500,2,0) -> 97 | AA42: =K42 -> 0 | AB42: =L42 -> 0 | AC42: =VLOOKUP(AB42,recipe_ingred_list!$K$2:$M$7,3,0) -> 2 | AD42: =M42 -> 60 | AE42: =N42 -> ltr | AF42: =VLOOKUP(AE42,recipe_ingred_list!$K$16:$M$25,3,0) -> 1 | AG42: =O42 -> 0 | AH42: =P42 -> 0 | AI42: =VLOOKUP(AH42,recipe_ingred_list!$K$29:$M$34,3,0) -> 3 | AJ42: =IF(Q42="","",Q42) -> 2 x Vol of Varai | AK42: =AK41+1 -> 42 | AL42: =Y42 -> hot water | AM42: ="a = Client().post('"&W42&"', {'recipe' : '"&V42&"', 'ingredient' : '"&Z42&"', 'name' : '"&X42&"', 'mass_unit' : '"&AC42&"', 'mass_quantity' : '"&ROUND(AA42,3)&"', 'volume_unit' : '"&AF42&"', 'volume_quantity' : '"&ROUND(AD42,3)&"', 'pieces_unit' : '"&AI42&"', 'pieces_quantity' : '"&ROUND(AG42,3)&"', 'cooking_notes' : '"&AJ42&"'}).status_code; print('%s :: %s :: %s :: %s :: %s' %(a,"&G42&",'"&X42&"','"&Y42&"','"&U42&"'))" -> a = Client().post('/recipes/varai-pulav2/detail/', {'recipe' : '96', 'ingredient' : '97', 'name' : 'Hot water', 'mass_unit' : '2', 'mass_quantity' : '0', 'volume_unit' : '1', 'volume_quantity' : '60', 'pieces_unit' : '3', 'pieces_quantity' : '0', 'cooking_notes' : '2 x Vol of Varai'}).status_code; print('%s :: %s :: %s :: %s :: %s' %(a,42,'Hot water','hot water','Varai Pulav2'))
G43: 43 | I43: Varai Pulav2 | J43: sugar | M43: 4 | N43: cup | R43: =VLOOKUP(J43,ingredient!$N$4:$O$553,2,0) -> sugar | U43: =I43 -> Varai Pulav2 | V43: =VLOOKUP(U43,recipe_ingred_list!$A$2:$B$300,2,0) -> 96 | W43: ="/recipes/"&VLOOKUP(U43,recipe_ingred_list!$A$2:$C$300,3,0)&"/detail/" -> /recipes/varai-pulav2/detail/ | X43: =J43 -> sugar | Y43: =R43 -> sugar | Z43: =VLOOKUP(Y43,recipe_ingred_list!$D$2:$E$500,2,0) -> 187 | AA43: =K43 -> 0 | AB43: =L43 -> 0 | AC43: =VLOOKUP(AB43,recipe_ingred_list!$K$2:$M$7,3,0) -> 2 | AD43: =M43 -> 4 | AE43: =N43 -> cup | AF43: =VLOOKUP(AE43,recipe_ingred_list!$K$16:$M$25,3,0) -> 5 | AG43: =O43 -> 0 | AH43: =P43 -> 0 | AI43: =VLOOKUP(AH43,recipe_ingred_list!$K$29:$M$34,3,0) -> 3 | AJ43: =IF(Q43="","",Q43) | AK43: =AK42+1 -> 43 | AL43: =Y43 -> sugar | AM43: ="a = Client().post('"&W43&"', {'recipe' : '"&V43&"', 'ingredient' : '"&Z43&"', 'name' : '"&X43&"', 'mass_unit' : '"&AC43&"', 'mass_quantity' : '"&ROUND(AA43,3)&"', 'volume_unit' : '"&AF43&"', 'volume_quantity' : '"&ROUND(AD43,3)&"', 'pieces_unit' : '"&AI43&"', 'pieces_quantity' : '"&ROUND(AG43,3)&"', 'cooking_notes' : '"&AJ43&"'}).status_code; print('%s :: %s :: %s :: %s :: %s' %(a,"&G43&",'"&X43&"','"&Y43&"','"&U43&"'))" -> a = Client().post('/recipes/varai-pulav2/detail/', {'recipe' : '96', 'ingredient' : '187', 'name' : 'sugar', 'mass_unit' : '2', 'mass_quantity' : '0', 'volume_unit' : '5', 'volume_quantity' : '4', 'pieces_unit' : '3', 'pieces_quantity' : '0', 'cooking_notes' : ''}).status_code; print('%s :: %s :: %s :: %s :: %s' %(a,43,'sugar','sugar','Varai Pulav2'))
G44: 44 | R44: =VLOOKUP(J44,ingredient!$N$4:$O$553,2,0) -> #N/A | U44: =I44 -> 0 | V44: =VLOOKUP(U44,recipe_ingred_list!$A$2:$B$300,2,0) -> #N/A | W44: ="/recipes/"&VLOOKUP(U44,recipe_ingred_list!$A$2:$C$300,3,0)&"/detail/" -> #N/A | X44: =J44 -> 0 | Y44: =R44 -> #N/A | Z44: =VLOOKUP(Y44,recipe_ingred_list!$D$2:$E$500,2,0) -> #N/A | AA44: =K44 -> 0 | AB44: =L44 -> 0 | AC44: =VLOOKUP(AB44,recipe_ingred_list!$K$2:$M$7,3,0) -> 2 | AD44: =M44 -> 0 | AE44: =N44 -> 0 | AF44: =VLOOKUP(AE44,recipe_ingred_list!$K$16:$M$25,3,0) -> 1 | AG44: =O44 -> 0 | AH44: =P44 -> 0 | AI44: =VLOOKUP(AH44,recipe_ingred_list!$K$29:$M$34,3,0) -> 3 | AJ44: =IF(Q44="","",Q44) | AK44: =AK43+1 -> 44 | AL44: =Y44 -> #N/A | AM44: ="a = Client().post('"&W44&"', {'recipe' : '"&V44&"', 'ingredient' : '"&Z44&"', 'name' : '"&X44&"', 'mass_unit' : '"&AC44&"', 'mass_quantity' : '"&ROUND(AA44,3)&"', 'volume_unit' : '"&AF44&"', 'volume_quantity' : '"&ROUND(AD44,3)&"', 'pieces_unit' : '"&AI44&"', 'pieces_quantity' : '"&ROUND(AG44,3)&"', 'cooking_notes' : '"&AJ44&"'}).status_code; print('%s :: %s :: %s :: %s :: %s' %(a,"&G44&",'"&X44&"','"&Y44&"','"&U44&"'))" -> #N/A
G45: 45 | H45: Checking | I45: recipe | J45: Name | K45: mass_quantity | L45: mass_unit | M45: volume_quantity | N45: volume_unit | O45: pieces_quantity | P45: pieces_unit | Q45: Cooking instructions | R45: =VLOOKUP(J45,ingredient!$N$4:$O$553,2,0) -> #N/A | U45: =I45 -> recipe | V45: =VLOOKUP(U45,recipe_ingred_list!$A$2:$B$300,2,0) -> #N/A | W45: ="/recipes/"&VLOOKUP(U45,recipe_ingred_list!$A$2:$C$300,3,0)&"/detail/" -> #N/A | X45: =J45 -> Name | Y45: =R45 -> #N/A | Z45: =VLOOKUP(Y45,recipe_ingred_list!$D$2:$E$500,2,0) -> #N/A | AA45: =K45 -> mass_quantity | AB45: =L45 -> mass_unit | AC45: =VLOOKUP(AB45,recipe_ingred_list!$K$2:$M$7,3,0) -> #N/A | AD45: =M45 -> volume_quantity | AE45: =N45 -> volume_unit | AF45: =VLOOKUP(AE45,recipe_ingred_list!$K$16:$M$25,3,0) -> #N/A | AG45: =O45 -> pieces_quantity | AH45: =P45 -> pieces_unit | AI45: =VLOOKUP(AH45,recipe_ingred_list!$K$29:$M$34,3,0) -> #N/A | AJ45: =IF(Q45="","",Q45) -> Cooking instructions | AK45: =AK44+1 -> 45 | AL45: =Y45 -> #N/A | AM45: ="a = Client().post('"&W45&"', {'recipe' : '"&V45&"', 'ingredient' : '"&Z45&"', 'name' : '"&X45&"', 'mass_unit' : '"&AC45&"', 'mass_quantity' : '"&ROUND(AA45,3)&"', 'volume_unit' : '"&AF45&"', 'volume_quantity' : '"&ROUND(AD45,3)&"', 'pieces_unit' : '"&AI45&"', 'pieces_quantity' : '"&ROUND(AG45,3)&"', 'cooking_notes' : '"&AJ45&"'}).status_code; print('%s :: %s :: %s :: %s :: %s' %(a,"&G45&",'"&X45&"','"&Y45&"','"&U45&"'))" -> #N/A
G46: 46 | H46: Tomato | I46: Ekadasi soup | J46: Tomato | K46: 7.5 | L46: kg | R46: =VLOOKUP(J46,ingredient!$N$4:$O$553,2,0) -> tomato | U46: =I46 -> Ekadasi soup | V46: =VLOOKUP(U46,recipe_ingred_list!$A$2:$B$300,2,0) -> 91 | W46: ="/recipes/"&VLOOKUP(U46,recipe_ingred_list!$A$2:$C$300,3,0)&"/detail/" -> /recipes/ekadasi-soup/detail/ | X46: =J46 -> Tomato | Y46: =R46 -> tomato | Z46: =VLOOKUP(Y46,recipe_ingred_list!$D$2:$E$500,2,0) -> 195 | AA46: =K46 -> 7.5 | AB46: =L46 -> kg | AC46: =VLOOKUP(AB46,recipe_ingred_list!$K$2:$M$7,3,0) -> 2 | AD46: =M46 -> 0 | AE46: =N46 -> 0 | AF46: =VLOOKUP(AE46,recipe_ingred_list!$K$16:$M$25,3,0) -> 1 | AG46: =O46 -> 0 | AH46: =P46 -> 0 | AI46: =VLOOKUP(AH46,recipe_ingred_list!$K$29:$M$34,3,0) -> 3 | AJ46: =IF(Q46="","",Q46) | AK46: =AK45+1 -> 46 | AL46: =Y46 -> tomato | AM46: ="a = Client().post('"&W46&"', {'recipe' : '"&V46&"', 'ingredient' : '"&Z46&"', 'name' : '"&X46&"', 'mass_unit' : '"&AC46&"', 'mass_quantity' : '"&ROUND(AA46,3)&"', 'volume_unit' : '"&AF46&"', 'volume_quantity' : '"&ROUND(AD46,3)&"', 'pieces_unit' : '"&AI46&"', 'pieces_quantity' : '"&ROUND(AG46,3)&"', 'cooking_notes' : '"&AJ46&"'}).status_code; print('%s :: %s :: %s :: %s :: %s' %(a,"&G46&",'"&X46&"','"&Y46&"','"&U46&"'))" -> a = Client().post('/recipes/ekadasi-soup/detail/', {'recipe' : '91', 'ingredient' : '195', 'name' : 'Tomato', 'mass_unit' : '2', 'mass_quantity' : '7.5', 'volume_unit' : '1', 'volume_quantity' : '0', 'pieces_unit' : '3', 'pieces_quantity' : '0', 'cooking_notes' : ''}).status_code; print('%s :: %s :: %s :: %s :: %s' %(a,46,'Tomato','tomato','Ekadasi soup'))
G47: 47 | H47: Bhopla | I47: Ekadasi soup | J47: Bhopla | K47: 15 | L47: kg | R47: =VLOOKUP(J47,ingredient!$N$4:$O$553,2,0) -> bhopla | U47: =I47 -> Ekadasi soup | V47: =VLOOKUP(U47,recipe_ingred_list!$A$2:$B$300,2,0) -> 91 | W47: ="/recipes/"&VLOOKUP(U47,recipe_ingred_list!$A$2:$C$300,3,0)&"/detail/" -> /recipes/ekadasi-soup/detail/ | X47: =J47 -> Bhopla | Y47: =R47 -> bhopla | Z47: =VLOOKUP(Y47,recipe_ingred_list!$D$2:$E$500,2,0) -> 30 | AA47: =K47 -> 15 | AB47: =L47 -> kg | AC47: =VLOOKUP(AB47,recipe_ingred_list!$K$2:$M$7,3,0) -> 2 | AD47: =M47 -> 0 | AE47: =N47 -> 0 | AF47: =VLOOKUP(AE47,recipe_ingred_list!$K$16:$M$25,3,0) -> 1 | AG47: =O47 -> 0 | AH47: =P47 -> 0 | AI47: =VLOOKUP(AH47,recipe_ingred_list!$K$29:$M$34,3,0) -> 3 | AJ47: =IF(Q47="","",Q47) | AK47: =AK46+1 -> 47 | AL47: =Y47 -> bhopla | AM47: ="a = Client().post('"&W47&"', {'recipe' : '"&V47&"', 'ingredient' : '"&Z47&"', 'name' : '"&X47&"', 'mass_unit' : '"&AC47&"', 'mass_quantity' : '"&ROUND(AA47,3)&"', 'volume_unit' : '"&AF47&"', 'volume_quantity' : '"&ROUND(AD47,3)&"', 'pieces_unit' : '"&AI47&"', 'pieces_quantity' : '"&ROUND(AG47,3)&"', 'cooking_notes' : '"&AJ47&"'}).status_code; print('%s :: %s :: %s :: %s :: %s' %(a,"&G47&",'"&X47&"','"&Y47&"','"&U47&"'))" -> a = Client().post('/recipes/ekadasi-soup/detail/', {'recipe' : '91', 'ingredient' : '30', 'name' : 'Bhopla', 'mass_unit' : '2', 'mass_quantity' : '15', 'volume_unit' : '1', 'volume_quantity' : '0', 'pieces_unit' : '3', 'pieces_quantity' : '0', 'cooking_notes' : ''}).status_code; print('%s :: %s :: %s :: %s :: %s' %(a,47,'Bhopla','bhopla','Ekadasi soup'))
G48: 48 | H48: Alu | I48: Ekadasi soup | J48: Alu | K48: 7.5 | L48: kg | R48: =VLOOKUP(J48,ingredient!$N$4:$O$553,2,0) -> alu | U48: =I48 -> Ekadasi soup | V48: =VLOOKUP(U48,recipe_ingred_list!$A$2:$B$300,2,0) -> 91 | W48: ="/recipes/"&VLOOKUP(U48,recipe_ingred_list!$A$2:$C$300,3,0)&"/detail/" -> /recipes/ekadasi-soup/detail/ | X48: =J48 -> Alu | Y48: =R48 -> alu | Z48: =VLOOKUP(Y48,recipe_ingred_list!$D$2:$E$500,2,0) -> 8 | AA48: =K48 -> 7.5 | AB48: =L48 -> kg | AC48: =VLOOKUP(AB48,recipe_ingred_list!$K$2:$M$7,3,0) -> 2 | AD48: =M48 -> 0 | AE48: =N48 -> 0 | AF48: =VLOOKUP(AE48,recipe_ingred_list!$K$16:$M$25,3,0) -> 1 | AG48: =O48 -> 0 | AH48: =P48 -> 0 | AI48: =VLOOKUP(AH48,recipe_ingred_list!$K$29:$M$34,3,0) -> 3 | AJ48: =IF(Q48="","",Q48) | AK48: =AK47+1 -> 48 | AL48: =Y48 -> alu | AM48: ="a = Client().post('"&W48&"', {'recipe' : '"&V48&"', 'ingredient' : '"&Z48&"', 'name' : '"&X48&"', 'mass_unit' : '"&AC48&"', 'mass_quantity' : '"&ROUND(AA48,3)&"', 'volume_unit' : '"&AF48&"', 'volume_quantity' : '"&ROUND(AD48,3)&"', 'pieces_unit' : '"&AI48&"', 'pieces_quantity' : '"&ROUND(AG48,3)&"', 'cooking_notes' : '"&AJ48&"'}).status_code; print('%s :: %s :: %s :: %s :: %s' %(a,"&G48&",'"&X48&"','"&Y48&"','"&U48&"'))" -> a = Client().post('/recipes/ekadasi-soup/detail/', {'recipe' : '91', 'ingredient' : '8', 'name' : 'Alu', 'mass_unit' : '2', 'mass_quantity' : '7.5', 'volume_unit' : '1', 'volume_quantity' : '0', 'pieces_unit' : '3', 'pieces_quantity' : '0', 'cooking_notes' : ''}).status_code; print('%s :: %s :: %s :: %s :: %s' %(a,48,'Alu','alu','Ekadasi soup'))
G49: 49 | H49: Gajar | I49: Ekadasi soup | J49: Gajar | K49: 4.9795918 | L49: kg | R49: =VLOOKUP(J49,ingredient!$N$4:$O$553,2,0) -> gajar | U49: =I49 -> Ekadasi soup | V49: =VLOOKUP(U49,recipe_ingred_list!$A$2:$B$300,2,0) -> 91 | W49: ="/recipes/"&VLOOKUP(U49,recipe_ingred_list!$A$2:$C$300,3,0)&"/detail/" -> /recipes/ekadasi-soup/detail/ | X49: =J49 -> Gajar | Y49: =R49 -> gajar | Z49: =VLOOKUP(Y49,recipe_ingred_list!$D$2:$E$500,2,0) -> 79 | AA49: =K49 -> 4.9795918 | AB49: =L49 -> kg | AC49: =VLOOKUP(AB49,recipe_ingred_list!$K$2:$M$7,3,0) -> 2 | AD49: =M49 -> 0 | AE49: =N49 -> 0 | AF49: =VLOOKUP(AE49,recipe_ingred_list!$K$16:$M$25,3,0) -> 1 | AG49: =O49 -> 0 | AH49: =P49 -> 0 | AI49: =VLOOKUP(AH49,recipe_ingred_list!$K$29:$M$34,3,0) -> 3 | AJ49: =IF(Q49="","",Q49) | AK49: =AK48+1 -> 49 | AL49: =Y49 -> gajar | AM49: ="a = Client().post('"&W49&"', {'recipe' : '"&V49&"', 'ingredient' : '"&Z49&"', 'name' : '"&X49&"', 'mass_unit' : '"&AC49&"', 'mass_quantity' : '"&ROUND(AA49,3)&"', 'volume_unit' : '"&AF49&"', 'volume_quantity' : '"&ROUND(AD49,3)&"', 'pieces_unit' : '"&AI49&"', 'pieces_quantity' : '"&ROUND(AG49,3)&"', 'cooking_notes' : '"&AJ49&"'}).status_code; print('%s :: %s :: %s :: %s :: %s' %(a,"&G49&",'"&X49&"','"&Y49&"','"&U49&"'))" -> a = Client().post('/recipes/ekadasi-soup/detail/', {'recipe' : '91', 'ingredient' : '79', 'name' : 'Gajar', 'mass_unit' : '2', 'mass_quantity' : '4.98', 'volume_unit' : '1', 'volume_quantity' : '0', 'pieces_unit' : '3', 'pieces_quantity' : '0', 'cooking_notes' : ''}).status_code; print('%s :: %s :: %s :: %s :: %s' %(a,49,'Gajar','gajar','Ekadasi soup'))
G50: 50 | H50: Hot water | I50: Ekadasi soup | J50: Boiled water | R50: =VLOOKUP(J50,ingredient!$N$4:$O$553,2,0) -> water | U50: =I50 -> Ekadasi soup | V50: =VLOOKUP(U50,recipe_ingred_list!$A$2:$B$300,2,0) -> 91 | W50: ="/recipes/"&VLOOKUP(U50,recipe_ingred_list!$A$2:$C$300,3,0)&"/detail/" -> /recipes/ekadasi-soup/detail/ | X50: =J50 -> Boiled water | Y50: =R50 -> water | Z50: =VLOOKUP(Y50,recipe_ingred_list!$D$2:$E$500,2,0) -> 214 | AA50: =K50 -> 0 | AB50: =L50 -> 0 | AC50: =VLOOKUP(AB50,recipe_ingred_list!$K$2:$M$7,3,0) -> 2 | AD50: =M50 -> 0 | AE50: =N50 -> 0 | AF50: =VLOOKUP(AE50,recipe_ingred_list!$K$16:$M$25,3,0) -> 1 | AG50: =O50 -> 0 | AH50: =P50 -> 0 | AI50: =VLOOKUP(AH50,recipe_ingred_list!$K$29:$M$34,3,0) -> 3 | AJ50: =IF(Q50="","",Q50) | AK50: =AK49+1 -> 50 | AL50: =Y50 -> water | AM50: ="a = Client().post('"&W50&"', {'recipe' : '"&V50&"', 'ingredient' : '"&Z50&"', 'name' : '"&X50&"', 'mass_unit' : '"&AC50&"', 'mass_quantity' : '"&ROUND(AA50,3)&"', 'volume_unit' : '"&AF50&"', 'volume_quantity' : '"&ROUND(AD50,3)&"', 'pieces_unit' : '"&AI50&"', 'pieces_quantity' : '"&ROUND(AG50,3)&"', 'cooking_notes' : '"&AJ50&"'}).status_code; print('%s :: %s :: %s :: %s :: %s' %(a,"&G50&",'"&X50&"','"&Y50&"','"&U50&"'))" -> a = Client().post('/recipes/ekadasi-soup/detail/', {'recipe' : '91', 'ingredient' : '214', 'name' : 'Boiled water', 'mass_unit' : '2', 'mass_quantity' : '0', 'volume_unit' : '1', 'volume_quantity' : '0', 'pieces_unit' : '3', 'pieces_quantity' : '0', 'cooking_notes' : ''}).status_code; print('%s :: %s :: %s :: %s :: %s' %(a,50,'Boiled water','water','Ekadasi soup'))
G51: 51 | H51: Boiled vegetables puree | I51: Ekadasi soup | J51: Boiled vegetables puree | M51: 60 | N51: ltr | R51: =VLOOKUP(J51,ingredient!$N$4:$O$553,2,0) -> boiled vegetables puree | U51: =I51 -> Ekadasi soup | V51: =VLOOKUP(U51,recipe_ingred_list!$A$2:$B$300,2,0) -> 91 | W51: ="/recipes/"&VLOOKUP(U51,recipe_ingred_list!$A$2:$C$300,3,0)&"/detail/" -> /recipes/ekadasi-soup/detail/ | X51: =J51 -> Boiled vegetables puree | Y51: =R51 -> boiled vegetables puree | Z51: =VLOOKUP(Y51,recipe_ingred_list!$D$2:$E$500,2,0) -> 217 | AA51: =K51 -> 0 | AB51: =L51 -> 0 | AC51: =VLOOKUP(AB51,recipe_ingred_list!$K$2:$M$7,3,0) -> 2 | AD51: =M51 -> 60 | AE51: =N51 -> ltr | AF51: =VLOOKUP(AE51,recipe_ingred_list!$K$16:$M$25,3,0) -> 1 | AG51: =O51 -> 0 | AH51: =P51 -> 0 | AI51: =VLOOKUP(AH51,recipe_ingred_list!$K$29:$M$34,3,0) -> 3 | AJ51: =IF(Q51="","",Q51) | AK51: =AK50+1 -> 51 | AL51: =Y51 -> boiled vegetables puree | AM51: ="a = Client().post('"&W51&"', {'recipe' : '"&V51&"', 'ingredient' : '"&Z51&"', 'name' : '"&X51&"', 'mass_unit' : '"&AC51&"', 'mass_quantity' : '"&ROUND(AA51,3)&"', 'volume_unit' : '"&AF51&"', 'volume_quantity' : '"&ROUND(AD51,3)&"', 'pieces_unit' : '"&AI51&"', 'pieces_quantity' : '"&ROUND(AG51,3)&"', 'cooking_notes' : '"&AJ51&"'}).status_code; print('%s :: %s :: %s :: %s :: %s' %(a,"&G51&",'"&X51&"','"&Y51&"','"&U51&"'))" -> a = Client().post('/recipes/ekadasi-soup/detail/', {'recipe' : '91', 'ingredient' : '217', 'name' : 'Boiled vegetables puree', 'mass_unit' : '2', 'mass_quantity' : '0', 'volume_unit' : '1', 'volume_quantity' : '60', 'pieces_unit' : '3', 'pieces_quantity' : '0', 'cooking_notes' : ''}).status_code; print('%s :: %s :: %s :: %s :: %s' %(a,51,'Boiled vegetables puree','boiled vegetables puree','Ekadasi soup'))
G52: 52 | H52: EVOO | I52: Ekadasi soup | J52: EVOO / butter | M52: 1.5 | N52: ltr | R52: =VLOOKUP(J52,ingredient!$N$4:$O$553,2,0) -> EVOO | U52: =I52 -> Ekadasi soup | V52: =VLOOKUP(U52,recipe_ingred_list!$A$2:$B$300,2,0) -> 91 | W52: ="/recipes/"&VLOOKUP(U52,recipe_ingred_list!$A$2:$C$300,3,0)&"/detail/" -> /recipes/ekadasi-soup/detail/ | X52: =J52 -> EVOO / butter | Y52: =R52 -> EVOO | Z52: =VLOOKUP(Y52,recipe_ingred_list!$D$2:$E$500,2,0) -> 76 | AA52: =K52 -> 0 | AB52: =L52 -> 0 | AC52: =VLOOKUP(AB52,recipe_ingred_list!$K$2:$M$7,3,0) -> 2 | AD52: =M52 -> 1.5 | AE52: =N52 -> ltr | AF52: =VLOOKUP(AE52,recipe_ingred_list!$K$16:$M$25,3,0) -> 1 | AG52: =O52 -> 0 | AH52: =P52 -> 0 | AI52: =VLOOKUP(AH52,recipe_ingred_list!$K$29:$M$34,3,0) -> 3 | AJ52: =IF(Q52="","",Q52) | AK52: =AK51+1 -> 52 | AL52: =Y52 -> EVOO | AM52: ="a = Client().post('"&W52&"', {'recipe' : '"&V52&"', 'ingredient' : '"&Z52&"', 'name' : '"&X52&"', 'mass_unit' : '"&AC52&"', 'mass_quantity' : '"&ROUND(AA52,3)&"', 'volume_unit' : '"&AF52&"', 'volume_quantity' : '"&ROUND(AD52,3)&"', 'pieces_unit' : '"&AI52&"', 'pieces_quantity' : '"&ROUND(AG52,3)&"', 'cooking_notes' : '"&AJ52&"'}).status_code; print('%s :: %s :: %s :: %s :: %s' %(a,"&G52&",'"&X52&"','"&Y52&"','"&U52&"'))" -> a = Client().post('/recipes/ekadasi-soup/detail/', {'recipe' : '91', 'ingredient' : '76', 'name' : 'EVOO / butter', 'mass_unit' : '2', 'mass_quantity' : '0', 'volume_unit' : '1', 'volume_quantity' : '1.5', 'pieces_unit' : '3', 'pieces_quantity' : '0', 'cooking_notes' : ''}).status_code; print('%s :: %s :: %s :: %s :: %s' %(a,52,'EVOO / butter','EVOO','Ekadasi soup'))
G53: 53 | H53: EVOO | I53: Ekadasi soup | J53: EVOO on Top | M53: 1 | N53: ltr | R53: =VLOOKUP(J53,ingredient!$N$4:$O$553,2,0) -> EVOO | U53: =I53 -> Ekadasi soup | V53: =VLOOKUP(U53,recipe_ingred_list!$A$2:$B$300,2,0) -> 91 | W53: ="/recipes/"&VLOOKUP(U53,recipe_ingred_list!$A$2:$C$300,3,0)&"/detail/" -> /recipes/ekadasi-soup/detail/ | X53: =J53 -> EVOO on Top | Y53: =R53 -> EVOO | Z53: =VLOOKUP(Y53,recipe_ingred_list!$D$2:$E$500,2,0) -> 76 | AA53: =K53 -> 0 | AB53: =L53 -> 0 | AC53: =VLOOKUP(AB53,recipe_ingred_list!$K$2:$M$7,3,0) -> 2 | AD53: =M53 -> 1 | AE53: =N53 -> ltr | AF53: =VLOOKUP(AE53,recipe_ingred_list!$K$16:$M$25,3,0) -> 1 | AG53: =O53 -> 0 | AH53: =P53 -> 0 | AI53: =VLOOKUP(AH53,recipe_ingred_list!$K$29:$M$34,3,0) -> 3 | AJ53: =IF(Q53="","",Q53) | AK53: =AK52+1 -> 53 | AL53: =Y53 -> EVOO | AM53: ="a = Client().post('"&W53&"', {'recipe' : '"&V53&"', 'ingredient' : '"&Z53&"', 'name' : '"&X53&"', 'mass_unit' : '"&AC53&"', 'mass_quantity' : '"&ROUND(AA53,3)&"', 'volume_unit' : '"&AF53&"', 'volume_quantity' : '"&ROUND(AD53,3)&"', 'pieces_unit' : '"&AI53&"', 'pieces_quantity' : '"&ROUND(AG53,3)&"', 'cooking_notes' : '"&AJ53&"'}).status_code; print('%s :: %s :: %s :: %s :: %s' %(a,"&G53&",'"&X53&"','"&Y53&"','"&U53&"'))" -> a = Client().post('/recipes/ekadasi-soup/detail/', {'recipe' : '91', 'ingredient' : '76', 'name' : 'EVOO on Top', 'mass_unit' : '2', 'mass_quantity' : '0', 'volume_unit' : '1', 'volume_quantity' : '1', 'pieces_unit' : '3', 'pieces_quantity' : '0', 'cooking_notes' : ''}).status_code; print('%s :: %s :: %s :: %s :: %s' %(a,53,'EVOO on Top','EVOO','Ekadasi soup'))
G54: 54 | H54: Black Pepper pwd | I54: Ekadasi soup | J54: Black Pepper pwd | M54: 0.49795918 | N54: cup | R54: =VLOOKUP(J54,ingredient!$N$4:$O$553,2,0) -> black pepper | U54: =I54 -> Ekadasi soup | V54: =VLOOKUP(U54,recipe_ingred_list!$A$2:$B$300,2,0) -> 91 | W54: ="/recipes/"&VLOOKUP(U54,recipe_ingred_list!$A$2:$C$300,3,0)&"/detail/" -> /recipes/ekadasi-soup/detail/ | X54: =J54 -> Black Pepper pwd | Y54: =R54 -> black pepper | Z54: =VLOOKUP(Y54,recipe_ingred_list!$D$2:$E$500,2,0) -> 31 | AA54: =K54 -> 0 | AB54: =L54 -> 0 | AC54: =VLOOKUP(AB54,recipe_ingred_list!$K$2:$M$7,3,0) -> 2 | AD54: =M54 -> 0.49795918 | AE54: =N54 -> cup | AF54: =VLOOKUP(AE54,recipe_ingred_list!$K$16:$M$25,3,0) -> 5 | AG54: =O54 -> 0 | AH54: =P54 -> 0 | AI54: =VLOOKUP(AH54,recipe_ingred_list!$K$29:$M$34,3,0) -> 3 | AJ54: =IF(Q54="","",Q54) | AK54: =AK53+1 -> 54 | AL54: =Y54 -> black pepper | AM54: ="a = Client().post('"&W54&"', {'recipe' : '"&V54&"', 'ingredient' : '"&Z54&"', 'name' : '"&X54&"', 'mass_unit' : '"&AC54&"', 'mass_quantity' : '"&ROUND(AA54,3)&"', 'volume_unit' : '"&AF54&"', 'volume_quantity' : '"&ROUND(AD54,3)&"', 'pieces_unit' : '"&AI54&"', 'pieces_quantity' : '"&ROUND(AG54,3)&"', 'cooking_notes' : '"&AJ54&"'}).status_code; print('%s :: %s :: %s :: %s :: %s' %(a,"&G54&",'"&X54&"','"&Y54&"','"&U54&"'))" -> a = Client().post('/recipes/ekadasi-soup/detail/', {'recipe' : '91', 'ingredient' : '31', 'name' : 'Black Pepper pwd', 'mass_unit' : '2', 'mass_quantity' : '0', 'volume_unit' : '5', 'volume_quantity' : '0.498', 'pieces_unit' : '3', 'pieces_quantity' : '0', 'cooking_notes' : ''}).status_code; print('%s :: %s :: %s :: %s :: %s' %(a,54,'Black Pepper pwd','black pepper','Ekadasi soup'))
G55: 55 | H55: Basil Leaves | I55: Ekadasi soup | J55: Basil Leaves | K55: 1 | L55: kg | M55: 0.4 | N55: bkt | R55: =VLOOKUP(J55,ingredient!$N$4:$O$553,2,0) -> basil leaves | U55: =I55 -> Ekadasi soup | V55: =VLOOKUP(U55,recipe_ingred_list!$A$2:$B$300,2,0) -> 91 | W55: ="/recipes/"&VLOOKUP(U55,recipe_ingred_list!$A$2:$C$300,3,0)&"/detail/" -> /recipes/ekadasi-soup/detail/ | X55: =J55 -> Basil Leaves | Y55: =R55 -> basil leaves | Z55: =VLOOKUP(Y55,recipe_ingred_list!$D$2:$E$500,2,0) -> 24 | AA55: =K55 -> 1 | AB55: =L55 -> kg | AC55: =VLOOKUP(AB55,recipe_ingred_list!$K$2:$M$7,3,0) -> 2 | AD55: =M55 -> 0.4 | AE55: =N55 -> bkt | AF55: =VLOOKUP(AE55,recipe_ingred_list!$K$16:$M$25,3,0) -> 6 | AG55: =O55 -> 0 | AH55: =P55 -> 0 | AI55: =VLOOKUP(AH55,recipe_ingred_list!$K$29:$M$34,3,0) -> 3 | AJ55: =IF(Q55="","",Q55) | AK55: =AK54+1 -> 55 | AL55: =Y55 -> basil leaves | AM55: ="a = Client().post('"&W55&"', {'recipe' : '"&V55&"', 'ingredient' : '"&Z55&"', 'name' : '"&X55&"', 'mass_unit' : '"&AC55&"', 'mass_quantity' : '"&ROUND(AA55,3)&"', 'volume_unit' : '"&AF55&"', 'volume_quantity' : '"&ROUND(AD55,3)&"', 'pieces_unit' : '"&AI55&"', 'pieces_quantity' : '"&ROUND(AG55,3)&"', 'cooking_notes' : '"&AJ55&"'}).status_code; print('%s :: %s :: %s :: %s :: %s' %(a,"&G55&",'"&X55&"','"&Y55&"','"&U55&"'))" -> a = Client().post('/recipes/ekadasi-soup/detail/', {'recipe' : '91', 'ingredient' : '24', 'name' : 'Basil Leaves', 'mass_unit' : '2', 'mass_quantity' : '1', 'volume_unit' : '6', 'volume_quantity' : '0.4', 'pieces_unit' : '3', 'pieces_quantity' : '0', 'cooking_notes' : ''}).status_code; print('%s :: %s :: %s :: %s :: %s' %(a,55,'Basil Leaves','basil leaves','Ekadasi soup'))
G56: 56 | H56: Brown sugar | I56: Ekadasi soup | J56: Brown sugar (bluebird) | K56: 0.5 | L56: kg | R56: =VLOOKUP(J56,ingredient!$N$4:$O$553,2,0) -> brown sugar | U56: =I56 -> Ekadasi soup | V56: =VLOOKUP(U56,recipe_ingred_list!$A$2:$B$300,2,0) -> 91 | W56: ="/recipes/"&VLOOKUP(U56,recipe_ingred_list!$A$2:$C$300,3,0)&"/detail/" -> /recipes/ekadasi-soup/detail/ | X56: =J56 -> Brown sugar (bluebird) | Y56: =R56 -> brown sugar | Z56: =VLOOKUP(Y56,recipe_ingred_list!$D$2:$E$500,2,0) -> 37 | AA56: =K56 -> 0.5 | AB56: =L56 -> kg | AC56: =VLOOKUP(AB56,recipe_ingred_list!$K$2:$M$7,3,0) -> 2 | AD56: =M56 -> 0 | AE56: =N56 -> 0 | AF56: =VLOOKUP(AE56,recipe_ingred_list!$K$16:$M$25,3,0) -> 1 | AG56: =O56 -> 0 | AH56: =P56 -> 0 | AI56: =VLOOKUP(AH56,recipe_ingred_list!$K$29:$M$34,3,0) -> 3 | AJ56: =IF(Q56="","",Q56) | AK56: =AK55+1 -> 56 | AL56: =Y56 -> brown sugar | AM56: ="a = Client().post('"&W56&"', {'recipe' : '"&V56&"', 'ingredient' : '"&Z56&"', 'name' : '"&X56&"', 'mass_unit' : '"&AC56&"', 'mass_quantity' : '"&ROUND(AA56,3)&"', 'volume_unit' : '"&AF56&"', 'volume_quantity' : '"&ROUND(AD56,3)&"', 'pieces_unit' : '"&AI56&"', 'pieces_quantity' : '"&ROUND(AG56,3)&"', 'cooking_notes' : '"&AJ56&"'}).status_code; print('%s :: %s :: %s :: %s :: %s' %(a,"&G56&",'"&X56&"','"&Y56&"','"&U56&"'))" -> a = Client().post('/recipes/ekadasi-soup/detail/', {'recipe' : '91', 'ingredient' : '37', 'name' : 'Brown sugar (bluebird)', 'mass_unit' : '2', 'mass_quantity' : '0.5', 'volume_unit' : '1', 'volume_quantity' : '0', 'pieces_unit' : '3', 'pieces_quantity' : '0', 'cooking_notes' : ''}).status_code; print('%s :: %s :: %s :: %s :: %s' %(a,56,'Brown sugar (bluebird)','brown sugar','Ekadasi soup'))
G57: 57 | H57: Salt | I57: Ekadasi soup | J57: Salt | M57: 2.9877551 | N57: cup | R57: =VLOOKUP(J57,ingredient!$N$4:$O$553,2,0) -> salt | U57: =I57 -> Ekadasi soup | V57: =VLOOKUP(U57,recipe_ingred_list!$A$2:$B$300,2,0) -> 91 | W57: ="/recipes/"&VLOOKUP(U57,recipe_ingred_list!$A$2:$C$300,3,0)&"/detail/" -> /recipes/ekadasi-soup/detail/ | X57: =J57 -> Salt | Y57: =R57 -> salt | Z57: =VLOOKUP(Y57,recipe_ingred_list!$D$2:$E$500,2,0) -> 177 | AA57: =K57 -> 0 | AB57: =L57 -> 0 | AC57: =VLOOKUP(AB57,recipe_ingred_list!$K$2:$M$7,3,0) -> 2 | AD57: =M57 -> 2.9877551 | AE57: =N57 -> cup | AF57: =VLOOKUP(AE57,recipe_ingred_list!$K$16:$M$25,3,0) -> 5 | AG57: =O57 -> 0 | AH57: =P57 -> 0 | AI57: =VLOOKUP(AH57,recipe_ingred_list!$K$29:$M$34,3,0) -> 3 | AJ57: =IF(Q57="","",Q57) | AK57: =AK56+1 -> 57 | AL57: =Y57 -> salt | AM57: ="a = Client().post('"&W57&"', {'recipe' : '"&V57&"', 'ingredient' : '"&Z57&"', 'name' : '"&X57&"', 'mass_unit' : '"&AC57&"', 'mass_quantity' : '"&ROUND(AA57,3)&"', 'volume_unit' : '"&AF57&"', 'volume_quantity' : '"&ROUND(AD57,3)&"', 'pieces_unit' : '"&AI57&"', 'pieces_quantity' : '"&ROUND(AG57,3)&"', 'cooking_notes' : '"&AJ57&"'}).status_code; print('%s :: %s :: %s :: %s :: %s' %(a,"&G57&",'"&X57&"','"&Y57&"','"&U57&"'))" -> a = Client().post('/recipes/ekadasi-soup/detail/', {'recipe' : '91', 'ingredient' : '177', 'name' : 'Salt', 'mass_unit' : '2', 'mass_quantity' : '0', 'volume_unit' : '5', 'volume_quantity' : '2.988', 'pieces_unit' : '3', 'pieces_quantity' : '0', 'cooking_notes' : ''}).status_code; print('%s :: %s :: %s :: %s :: %s' %(a,57,'Salt','salt','Ekadasi soup'))
G58: 58 | H58: Lemon | I58: Ekadasi soup | J58: Lemon Juice | M58: 0.5 | N58: cup | R58: =VLOOKUP(J58,ingredient!$N$4:$O$553,2,0) -> lemon | U58: =I58 -> Ekadasi soup | V58: =VLOOKUP(U58,recipe_ingred_list!$A$2:$B$300,2,0) -> 91 | W58: ="/recipes/"&VLOOKUP(U58,recipe_ingred_list!$A$2:$C$300,3,0)&"/detail/" -> /recipes/ekadasi-soup/detail/ | X58: =J58 -> Lemon Juice | Y58: =R58 -> lemon | Z58: =VLOOKUP(Y58,recipe_ingred_list!$D$2:$E$500,2,0) -> 129 | AA58: =K58 -> 0 | AB58: =L58 -> 0 | AC58: =VLOOKUP(AB58,recipe_ingred_list!$K$2:$M$7,3,0) -> 2 | AD58: =M58 -> 0.5 | AE58: =N58 -> cup | AF58: =VLOOKUP(AE58,recipe_ingred_list!$K$16:$M$25,3,0) -> 5 | AG58: =O58 -> 0 | AH58: =P58 -> 0 | AI58: =VLOOKUP(AH58,recipe_ingred_list!$K$29:$M$34,3,0) -> 3 | AJ58: =IF(Q58="","",Q58) | AK58: =AK57+1 -> 58 | AL58: =Y58 -> lemon | AM58: ="a = Client().post('"&W58&"', {'recipe' : '"&V58&"', 'ingredient' : '"&Z58&"', 'name' : '"&X58&"', 'mass_unit' : '"&AC58&"', 'mass_quantity' : '"&ROUND(AA58,3)&"', 'volume_unit' : '"&AF58&"', 'volume_quantity' : '"&ROUND(AD58,3)&"', 'pieces_unit' : '"&AI58&"', 'pieces_quantity' : '"&ROUND(AG58,3)&"', 'cooking_notes' : '"&AJ58&"'}).status_code; print('%s :: %s :: %s :: %s :: %s' %(a,"&G58&",'"&X58&"','"&Y58&"','"&U58&"'))" -> a = Client().post('/recipes/ekadasi-soup/detail/', {'recipe' : '91', 'ingredient' : '129', 'name' : 'Lemon Juice', 'mass_unit' : '2', 'mass_quantity' : '0', 'volume_unit' : '5', 'volume_quantity' : '0.5', 'pieces_unit' : '3', 'pieces_quantity' : '0', 'cooking_notes' : ''}).status_code; print('%s :: %s :: %s :: %s :: %s' %(a,58,'Lemon Juice','lemon','Ekadasi soup'))
G59: 59 | R59: =VLOOKUP(J59,ingredient!$N$4:$O$553,2,0) -> #N/A | U59: =I59 -> 0 | V59: =VLOOKUP(U59,recipe_ingred_list!$A$2:$B$300,2,0) -> #N/A | W59: ="/recipes/"&VLOOKUP(U59,recipe_ingred_list!$A$2:$C$300,3,0)&"/detail/" -> #N/A | X59: =J59 -> 0 | Y59: =R59 -> #N/A | Z59: =VLOOKUP(Y59,recipe_ingred_list!$D$2:$E$500,2,0) -> #N/A | AA59: =K59 -> 0 | AB59: =L59 -> 0 | AC59: =VLOOKUP(AB59,recipe_ingred_list!$K$2:$M$7,3,0) -> 2 | AD59: =M59 -> 0 | AE59: =N59 -> 0 | AF59: =VLOOKUP(AE59,recipe_ingred_list!$K$16:$M$25,3,0) -> 1 | AG59: =O59 -> 0 | AH59: =P59 -> 0 | AI59: =VLOOKUP(AH59,recipe_ingred_list!$K$29:$M$34,3,0) -> 3 | AJ59: =IF(Q59="","",Q59) | AK59: =AK58+1 -> 59 | AL59: =Y59 -> #N/A | AM59: ="a = Client().post('"&W59&"', {'recipe' : '"&V59&"', 'ingredient' : '"&Z59&"', 'name' : '"&X59&"', 'mass_unit' : '"&AC59&"', 'mass_quantity' : '"&ROUND(AA59,3)&"', 'volume_unit' : '"&AF59&"', 'volume_quantity' : '"&ROUND(AD59,3)&"', 'pieces_unit' : '"&AI59&"', 'pieces_quantity' : '"&ROUND(AG59,3)&"', 'cooking_notes' : '"&AJ59&"'}).status_code; print('%s :: %s :: %s :: %s :: %s' %(a,"&G59&",'"&X59&"','"&Y59&"','"&U59&"'))" -> #N/A
G60: 60 | R60: =VLOOKUP(J60,ingredient!$N$4:$O$553,2,0) -> #N/A | U60: =I60 -> 0 | V60: =VLOOKUP(U60,recipe_ingred_list!$A$2:$B$300,2,0) -> #N/A | W60: ="/recipes/"&VLOOKUP(U60,recipe_ingred_list!$A$2:$C$300,3,0)&"/detail/" -> #N/A | X60: =J60 -> 0 | Y60: =R60 -> #N/A | Z60: =VLOOKUP(Y60,recipe_ingred_list!$D$2:$E$500,2,0) -> #N/A | AA60: =K60 -> 0 | AB60: =L60 -> 0 | AC60: =VLOOKUP(AB60,recipe_ingred_list!$K$2:$M$7,3,0) -> 2 | AD60: =M60 -> 0 | AE60: =N60 -> 0 | AF60: =VLOOKUP(AE60,recipe_ingred_list!$K$16:$M$25,3,0) -> 1 | AG60: =O60 -> 0 | AH60: =P60 -> 0 | AI60: =VLOOKUP(AH60,recipe_ingred_list!$K$29:$M$34,3,0) -> 3 | AJ60: =IF(Q60="","",Q60) | AK60: =AK59+1 -> 60 | AL60: =Y60 -> #N/A | AM60: ="a = Client().post('"&W60&"', {'recipe' : '"&V60&"', 'ingredient' : '"&Z60&"', 'name' : '"&X60&"', 'mass_unit' : '"&AC60&"', 'mass_quantity' : '"&ROUND(AA60,3)&"', 'volume_unit' : '"&AF60&"', 'volume_quantity' : '"&ROUND(AD60,3)&"', 'pieces_unit' : '"&AI60&"', 'pieces_quantity' : '"&ROUND(AG60,3)&"', 'cooking_notes' : '"&AJ60&"'}).status_code; print('%s :: %s :: %s :: %s :: %s' %(a,"&G60&",'"&X60&"','"&Y60&"','"&U60&"'))" -> #N/A
G61: 61 | R61: =VLOOKUP(J61,ingredient!$N$4:$O$553,2,0) -> #N/A | U61: =I61 -> 0 | V61: =VLOOKUP(U61,recipe_ingred_list!$A$2:$B$300,2,0) -> #N/A | W61: ="/recipes/"&VLOOKUP(U61,recipe_ingred_list!$A$2:$C$300,3,0)&"/detail/" -> #N/A | X61: =J61 -> 0 | Y61: =R61 -> #N/A | Z61: =VLOOKUP(Y61,recipe_ingred_list!$D$2:$E$500,2,0) -> #N/A | AA61: =K61 -> 0 | AB61: =L61 -> 0 | AC61: =VLOOKUP(AB61,recipe_ingred_list!$K$2:$M$7,3,0) -> 2 | AD61: =M61 -> 0 | AE61: =N61 -> 0 | AF61: =VLOOKUP(AE61,recipe_ingred_list!$K$16:$M$25,3,0) -> 1 | AG61: =O61 -> 0 | AH61: =P61 -> 0 | AI61: =VLOOKUP(AH61,recipe_ingred_list!$K$29:$M$34,3,0) -> 3 | AJ61: =IF(Q61="","",Q61) | AK61: =AK60+1 -> 61 | AL61: =Y61 -> #N/A | AM61: ="a = Client().post('"&W61&"', {'recipe' : '"&V61&"', 'ingredient' : '"&Z61&"', 'name' : '"&X61&"', 'mass_unit' : '"&AC61&"', 'mass_quantity' : '"&ROUND(AA61,3)&"', 'volume_unit' : '"&AF61&"', 'volume_quantity' : '"&ROUND(AD61,3)&"', 'pieces_unit' : '"&AI61&"', 'pieces_quantity' : '"&ROUND(AG61,3)&"', 'cooking_notes' : '"&AJ61&"'}).status_code; print('%s :: %s :: %s :: %s :: %s' %(a,"&G61&",'"&X61&"','"&Y61&"','"&U61&"'))" -> #N/A
G62: 62 | H62: Alu | I62: Alu Flower Gravy (Ekadashi) | J62: Alu | K62: 11.666667 | L62: kg | Q62: (1/2 inch cube steamed) | R62: =VLOOKUP(J62,ingredient!$N$4:$O$553,2,0) -> alu | U62: =I62 -> Alu Flower Gravy (Ekadashi) | V62: =VLOOKUP(U62,recipe_ingred_list!$A$2:$B$300,2,0) -> 90 | W62: ="/recipes/"&VLOOKUP(U62,recipe_ingred_list!$A$2:$C$300,3,0)&"/detail/" -> /recipes/alu-flower-gravy-ekadashi/detail/ | X62: =J62 -> Alu | Y62: =R62 -> alu | Z62: =VLOOKUP(Y62,recipe_ingred_list!$D$2:$E$500,2,0) -> 8 | AA62: =K62 -> 11.666667 | AB62: =L62 -> kg | AC62: =VLOOKUP(AB62,recipe_ingred_list!$K$2:$M$7,3,0) -> 2 | AD62: =M62 -> 0 | AE62: =N62 -> 0 | AF62: =VLOOKUP(AE62,recipe_ingred_list!$K$16:$M$25,3,0) -> 1 | AG62: =O62 -> 0 | AH62: =P62 -> 0 | AI62: =VLOOKUP(AH62,recipe_ingred_list!$K$29:$M$34,3,0) -> 3 | AJ62: =IF(Q62="","",Q62) -> (1/2 inch cube steamed) | AK62: =AK61+1 -> 62 | AL62: =Y62 -> alu | AM62: ="a = Client().post('"&W62&"', {'recipe' : '"&V62&"', 'ingredient' : '"&Z62&"', 'name' : '"&X62&"', 'mass_unit' : '"&AC62&"', 'mass_quantity' : '"&ROUND(AA62,3)&"', 'volume_unit' : '"&AF62&"', 'volume_quantity' : '"&ROUND(AD62,3)&"', 'pieces_unit' : '"&AI62&"', 'pieces_quantity' : '"&ROUND(AG62,3)&"', 'cooking_notes' : '"&AJ62&"'}).status_code; print('%s :: %s :: %s :: %s :: %s' %(a,"&G62&",'"&X62&"','"&Y62&"','"&U62&"'))" -> a = Client().post('/recipes/alu-flower-gravy-ekadashi/detail/', {'recipe' : '90', 'ingredient' : '8', 'name' : 'Alu', 'mass_unit' : '2', 'mass_quantity' : '11.667', 'volume_unit' : '1', 'volume_quantity' : '0', 'pieces_unit' : '3', 'pieces_quantity' : '0', 'cooking_notes' : '(1/2 inch cube steamed)'}).status_code; print('%s :: %s :: %s :: %s :: %s' %(a,62,'Alu','alu','Alu Flower Gravy (Ekadashi)'))
G63: 63 | H63: Flower | I63: Alu Flower Gravy (Ekadashi) | J63: Flower | K63: 29.166667 | L63: kg | M63: 35 | N63: ltr | Q63: (florets after cutting) | R63: =VLOOKUP(J63,ingredient!$N$4:$O$553,2,0) -> flower | U63: =I63 -> Alu Flower Gravy (Ekadashi) | V63: =VLOOKUP(U63,recipe_ingred_list!$A$2:$B$300,2,0) -> 90 | W63: ="/recipes/"&VLOOKUP(U63,recipe_ingred_list!$A$2:$C$300,3,0)&"/detail/" -> /recipes/alu-flower-gravy-ekadashi/detail/ | X63: =J63 -> Flower | Y63: =R63 -> flower | Z63: =VLOOKUP(Y63,recipe_ingred_list!$D$2:$E$500,2,0) -> 78 | AA63: =K63 -> 29.166667 | AB63: =L63 -> kg | AC63: =VLOOKUP(AB63,recipe_ingred_list!$K$2:$M$7,3,0) -> 2 | AD63: =M63 -> 35 | AE63: =N63 -> ltr | AF63: =VLOOKUP(AE63,recipe_ingred_list!$K$16:$M$25,3,0) -> 1 | AG63: =O63 -> 0 | AH63: =P63 -> 0 | AI63: =VLOOKUP(AH63,recipe_ingred_list!$K$29:$M$34,3,0) -> 3 | AJ63: =IF(Q63="","",Q63) -> (florets after cutting) | AK63: =AK62+1 -> 63 | AL63: =Y63 -> flower | AM63: ="a = Client().post('"&W63&"', {'recipe' : '"&V63&"', 'ingredient' : '"&Z63&"', 'name' : '"&X63&"', 'mass_unit' : '"&AC63&"', 'mass_quantity' : '"&ROUND(AA63,3)&"', 'volume_unit' : '"&AF63&"', 'volume_quantity' : '"&ROUND(AD63,3)&"', 'pieces_unit' : '"&AI63&"', 'pieces_quantity' : '"&ROUND(AG63,3)&"', 'cooking_notes' : '"&AJ63&"'}).status_code; print('%s :: %s :: %s :: %s :: %s' %(a,"&G63&",'"&X63&"','"&Y63&"','"&U63&"'))" -> a = Client().post('/recipes/alu-flower-gravy-ekadashi/detail/', {'recipe' : '90', 'ingredient' : '78', 'name' : 'Flower', 'mass_unit' : '2', 'mass_quantity' : '29.167', 'volume_unit' : '1', 'volume_quantity' : '35', 'pieces_unit' : '3', 'pieces_quantity' : '0', 'cooking_notes' : '(florets after cutting)'}).status_code; print('%s :: %s :: %s :: %s :: %s' %(a,63,'Flower','flower','Alu Flower Gravy (Ekadashi)'))
G64: 64 | H64: (deep fried) | I64: Alu Flower Gravy (Ekadashi) | J64: Flower | M64: 11.666667 | N64: ltr | Q64: (deep fried) | R64: =VLOOKUP(J64,ingredient!$N$4:$O$553,2,0) -> flower | U64: =I64 -> Alu Flower Gravy (Ekadashi) | V64: =VLOOKUP(U64,recipe_ingred_list!$A$2:$B$300,2,0) -> 90 | W64: ="/recipes/"&VLOOKUP(U64,recipe_ingred_list!$A$2:$C$300,3,0)&"/detail/" -> /recipes/alu-flower-gravy-ekadashi/detail/ | X64: =J64 -> Flower | Y64: =R64 -> flower | Z64: =VLOOKUP(Y64,recipe_ingred_list!$D$2:$E$500,2,0) -> 78 | AA64: =K64 -> 0 | AB64: =L64 -> 0 | AC64: =VLOOKUP(AB64,recipe_ingred_list!$K$2:$M$7,3,0) -> 2 | AD64: =M64 -> 11.666667 | AE64: =N64 -> ltr | AF64: =VLOOKUP(AE64,recipe_ingred_list!$K$16:$M$25,3,0) -> 1 | AG64: =O64 -> 0 | AH64: =P64 -> 0 | AI64: =VLOOKUP(AH64,recipe_ingred_list!$K$29:$M$34,3,0) -> 3 | AJ64: =IF(Q64="","",Q64) -> (deep fried) | AK64: =AK63+1 -> 64 | AL64: =Y64 -> flower | AM64: ="a = Client().post('"&W64&"', {'recipe' : '"&V64&"', 'ingredient' : '"&Z64&"', 'name' : '"&X64&"', 'mass_unit' : '"&AC64&"', 'mass_quantity' : '"&ROUND(AA64,3)&"', 'volume_unit' : '"&AF64&"', 'volume_quantity' : '"&ROUND(AD64,3)&"', 'pieces_unit' : '"&AI64&"', 'pieces_quantity' : '"&ROUND(AG64,3)&"', 'cooking_notes' : '"&AJ64&"'}).status_code; print('%s :: %s :: %s :: %s :: %s' %(a,"&G64&",'"&X64&"','"&Y64&"','"&U64&"'))" -> a = Client().post('/recipes/alu-flower-gravy-ekadashi/detail/', {'recipe' : '90', 'ingredient' : '78', 'name' : 'Flower', 'mass_unit' : '2', 'mass_quantity' : '0', 'volume_unit' : '1', 'volume_quantity' : '11.667', 'pieces_unit' : '3', 'pieces_quantity' : '0', 'cooking_notes' : '(deep fried)'}).status_code; print('%s :: %s :: %s :: %s :: %s' %(a,64,'Flower','flower','Alu Flower Gravy (Ekadashi)'))
G65: 65 | H65: Tomato | I65: Alu Flower Gravy (Ekadashi) | J65: Tomato puree | K65: 14.583333 | L65: kg | R65: =VLOOKUP(J65,ingredient!$N$4:$O$553,2,0) -> tomato | U65: =I65 -> Alu Flower Gravy (Ekadashi) | V65: =VLOOKUP(U65,recipe_ingred_list!$A$2:$B$300,2,0) -> 90 | W65: ="/recipes/"&VLOOKUP(U65,recipe_ingred_list!$A$2:$C$300,3,0)&"/detail/" -> /recipes/alu-flower-gravy-ekadashi/detail/ | X65: =J65 -> Tomato puree | Y65: =R65 -> tomato | Z65: =VLOOKUP(Y65,recipe_ingred_list!$D$2:$E$500,2,0) -> 195 | AA65: =K65 -> 14.583333 | AB65: =L65 -> kg | AC65: =VLOOKUP(AB65,recipe_ingred_list!$K$2:$M$7,3,0) -> 2 | AD65: =M65 -> 0 | AE65: =N65 -> 0 | AF65: =VLOOKUP(AE65,recipe_ingred_list!$K$16:$M$25,3,0) -> 1 | AG65: =O65 -> 0 | AH65: =P65 -> 0 | AI65: =VLOOKUP(AH65,recipe_ingred_list!$K$29:$M$34,3,0) -> 3 | AJ65: =IF(Q65="","",Q65) | AK65: =AK64+1 -> 65 | AL65: =Y65 -> tomato | AM65: ="a = Client().post('"&W65&"', {'recipe' : '"&V65&"', 'ingredient' : '"&Z65&"', 'name' : '"&X65&"', 'mass_unit' : '"&AC65&"', 'mass_quantity' : '"&ROUND(AA65,3)&"', 'volume_unit' : '"&AF65&"', 'volume_quantity' : '"&ROUND(AD65,3)&"', 'pieces_unit' : '"&AI65&"', 'pieces_quantity' : '"&ROUND(AG65,3)&"', 'cooking_notes' : '"&AJ65&"'}).status_code; print('%s :: %s :: %s :: %s :: %s' %(a,"&G65&",'"&X65&"','"&Y65&"','"&U65&"'))" -> a = Client().post('/recipes/alu-flower-gravy-ekadashi/detail/', {'recipe' : '90', 'ingredient' : '195', 'name' : 'Tomato puree', 'mass_unit' : '2', 'mass_quantity' : '14.583', 'volume_unit' : '1', 'volume_quantity' : '0', 'pieces_unit' : '3', 'pieces_quantity' : '0', 'cooking_notes' : ''}).status_code; print('%s :: %s :: %s :: %s :: %s' %(a,65,'Tomato puree','tomato','Alu Flower Gravy (Ekadashi)'))
G66: 66 | H66: Ghee | I66: Alu Flower Gravy (Ekadashi) | J66: Ghee | M66: 0.875 | N66: ltr | R66: =VLOOKUP(J66,ingredient!$N$4:$O$553,2,0) -> ghee | U66: =I66 -> Alu Flower Gravy (Ekadashi) | V66: =VLOOKUP(U66,recipe_ingred_list!$A$2:$B$300,2,0) -> 90 | W66: ="/recipes/"&VLOOKUP(U66,recipe_ingred_list!$A$2:$C$300,3,0)&"/detail/" -> /recipes/alu-flower-gravy-ekadashi/detail/ | X66: =J66 -> Ghee | Y66: =R66 -> ghee | Z66: =VLOOKUP(Y66,recipe_ingred_list!$D$2:$E$500,2,0) -> 81 | AA66: =K66 -> 0 | AB66: =L66 -> 0 | AC66: =VLOOKUP(AB66,recipe_ingred_list!$K$2:$M$7,3,0) -> 2 | AD66: =M66 -> 0.875 | AE66: =N66 -> ltr | AF66: =VLOOKUP(AE66,recipe_ingred_list!$K$16:$M$25,3,0) -> 1 | AG66: =O66 -> 0 | AH66: =P66 -> 0 | AI66: =VLOOKUP(AH66,recipe_ingred_list!$K$29:$M$34,3,0) -> 3 | AJ66: =IF(Q66="","",Q66) | AK66: =AK65+1 -> 66 | AL66: =Y66 -> ghee | AM66: ="a = Client().post('"&W66&"', {'recipe' : '"&V66&"', 'ingredient' : '"&Z66&"', 'name' : '"&X66&"', 'mass_unit' : '"&AC66&"', 'mass_quantity' : '"&ROUND(AA66,3)&"', 'volume_unit' : '"&AF66&"', 'volume_quantity' : '"&ROUND(AD66,3)&"', 'pieces_unit' : '"&AI66&"', 'pieces_quantity' : '"&ROUND(AG66,3)&"', 'cooking_notes' : '"&AJ66&"'}).status_code; print('%s :: %s :: %s :: %s :: %s' %(a,"&G66&",'"&X66&"','"&Y66&"','"&U66&"'))" -> a = Client().post('/recipes/alu-flower-gravy-ekadashi/detail/', {'recipe' : '90', 'ingredient' : '81', 'name' : 'Ghee', 'mass_unit' : '2', 'mass_quantity' : '0', 'volume_unit' : '1', 'volume_quantity' : '0.875', 'pieces_unit' : '3', 'pieces_quantity' : '0', 'cooking_notes' : ''}).status_code; print('%s :: %s :: %s :: %s :: %s' %(a,66,'Ghee','ghee','Alu Flower Gravy (Ekadashi)'))
G67: 67 | H67: Jeera | I67: Alu Flower Gravy (Ekadashi) | J67: Jeera | M67: 0.875 | N67: cup | R67: =VLOOKUP(J67,ingredient!$N$4:$O$553,2,0) -> jeera | U67: =I67 -> Alu Flower Gravy (Ekadashi) | V67: =VLOOKUP(U67,recipe_ingred_list!$A$2:$B$300,2,0) -> 90 | W67: ="/recipes/"&VLOOKUP(U67,recipe_ingred_list!$A$2:$C$300,3,0)&"/detail/" -> /recipes/alu-flower-gravy-ekadashi/detail/ | X67: =J67 -> Jeera | Y67: =R67 -> jeera | Z67: =VLOOKUP(Y67,recipe_ingred_list!$D$2:$E$500,2,0) -> 102 | AA67: =K67 -> 0 | AB67: =L67 -> 0 | AC67: =VLOOKUP(AB67,recipe_ingred_list!$K$2:$M$7,3,0) -> 2 | AD67: =M67 -> 0.875 | AE67: =N67 -> cup | AF67: =VLOOKUP(AE67,recipe_ingred_list!$K$16:$M$25,3,0) -> 5 | AG67: =O67 -> 0 | AH67: =P67 -> 0 | AI67: =VLOOKUP(AH67,recipe_ingred_list!$K$29:$M$34,3,0) -> 3 | AJ67: =IF(Q67="","",Q67) | AK67: =AK66+1 -> 67 | AL67: =Y67 -> jeera | AM67: ="a = Client().post('"&W67&"', {'recipe' : '"&V67&"', 'ingredient' : '"&Z67&"', 'name' : '"&X67&"', 'mass_unit' : '"&AC67&"', 'mass_quantity' : '"&ROUND(AA67,3)&"', 'volume_unit' : '"&AF67&"', 'volume_quantity' : '"&ROUND(AD67,3)&"', 'pieces_unit' : '"&AI67&"', 'pieces_quantity' : '"&ROUND(AG67,3)&"', 'cooking_notes' : '"&AJ67&"'}).status_code; print('%s :: %s :: %s :: %s :: %s' %(a,"&G67&",'"&X67&"','"&Y67&"','"&U67&"'))" -> a = Client().post('/recipes/alu-flower-gravy-ekadashi/detail/', {'recipe' : '90', 'ingredient' : '102', 'name' : 'Jeera', 'mass_unit' : '2', 'mass_quantity' : '0', 'volume_unit' : '5', 'volume_quantity' : '0.875', 'pieces_unit' : '3', 'pieces_quantity' : '0', 'cooking_notes' : ''}).status_code; print('%s :: %s :: %s :: %s :: %s' %(a,67,'Jeera','jeera','Alu Flower Gravy (Ekadashi)'))
G68: 68 | H68: Hari mirchi | I68: Alu Flower Gravy (Ekadashi) | J68: Hari Mirchi split in 2 | M68: 1.1666667 | N68: cup | R68: =VLOOKUP(J68,ingredient!$N$4:$O$553,2,0) -> hari mirchi | U68: =I68 -> Alu Flower Gravy (Ekadashi) | V68: =VLOOKUP(U68,recipe_ingred_list!$A$2:$B$300,2,0) -> 90 | W68: ="/recipes/"&VLOOKUP(U68,recipe_ingred_list!$A$2:$C$300,3,0)&"/detail/" -> /recipes/alu-flower-gravy-ekadashi/detail/ | X68: =J68 -> Hari Mirchi split in 2 | Y68: =R68 -> hari mirchi | Z68: =VLOOKUP(Y68,recipe_ingred_list!$D$2:$E$500,2,0) -> 93 | AA68: =K68 -> 0 | AB68: =L68 -> 0 | AC68: =VLOOKUP(AB68,recipe_ingred_list!$K$2:$M$7,3,0) -> 2 | AD68: =M68 -> 1.1666667 | AE68: =N68 -> cup | AF68: =VLOOKUP(AE68,recipe_ingred_list!$K$16:$M$25,3,0) -> 5 | AG68: =O68 -> 0 | AH68: =P68 -> 0 | AI68: =VLOOKUP(AH68,recipe_ingred_list!$K$29:$M$34,3,0) -> 3 | AJ68: =IF(Q68="","",Q68) | AK68: =AK67+1 -> 68 | AL68: =Y68 -> hari mirchi | AM68: ="a = Client().post('"&W68&"', {'recipe' : '"&V68&"', 'ingredient' : '"&Z68&"', 'name' : '"&X68&"', 'mass_unit' : '"&AC68&"', 'mass_quantity' : '"&ROUND(AA68,3)&"', 'volume_unit' : '"&AF68&"', 'volume_quantity' : '"&ROUND(AD68,3)&"', 'pieces_unit' : '"&AI68&"', 'pieces_quantity' : '"&ROUND(AG68,3)&"', 'cooking_notes' : '"&AJ68&"'}).status_code; print('%s :: %s :: %s :: %s :: %s' %(a,"&G68&",'"&X68&"','"&Y68&"','"&U68&"'))" -> a = Client().post('/recipes/alu-flower-gravy-ekadashi/detail/', {'recipe' : '90', 'ingredient' : '93', 'name' : 'Hari Mirchi split in 2', 'mass_unit' : '2', 'mass_quantity' : '0', 'volume_unit' : '5', 'volume_quantity' : '1.167', 'pieces_unit' : '3', 'pieces_quantity' : '0', 'cooking_notes' : ''}).status_code; print('%s :: %s :: %s :: %s :: %s' %(a,68,'Hari Mirchi split in 2','hari mirchi','Alu Flower Gravy (Ekadashi)'))
G69: 69 | H69: Adrak | I69: Alu Flower Gravy (Ekadashi) | J69: Adrak paste | M69: 0.4375 | N69: ltr | R69: =VLOOKUP(J69,ingredient!$N$4:$O$553,2,0) -> adrak | U69: =I69 -> Alu Flower Gravy (Ekadashi) | V69: =VLOOKUP(U69,recipe_ingred_list!$A$2:$B$300,2,0) -> 90 | W69: ="/recipes/"&VLOOKUP(U69,recipe_ingred_list!$A$2:$C$300,3,0)&"/detail/" -> /recipes/alu-flower-gravy-ekadashi/detail/ | X69: =J69 -> Adrak paste | Y69: =R69 -> adrak | Z69: =VLOOKUP(Y69,recipe_ingred_list!$D$2:$E$500,2,0) -> 1 | AA69: =K69 -> 0 | AB69: =L69 -> 0 | AC69: =VLOOKUP(AB69,recipe_ingred_list!$K$2:$M$7,3,0) -> 2 | AD69: =M69 -> 0.4375 | AE69: =N69 -> ltr | AF69: =VLOOKUP(AE69,recipe_ingred_list!$K$16:$M$25,3,0) -> 1 | AG69: =O69 -> 0 | AH69: =P69 -> 0 | AI69: =VLOOKUP(AH69,recipe_ingred_list!$K$29:$M$34,3,0) -> 3 | AJ69: =IF(Q69="","",Q69) | AK69: =AK68+1 -> 69 | AL69: =Y69 -> adrak | AM69: ="a = Client().post('"&W69&"', {'recipe' : '"&V69&"', 'ingredient' : '"&Z69&"', 'name' : '"&X69&"', 'mass_unit' : '"&AC69&"', 'mass_quantity' : '"&ROUND(AA69,3)&"', 'volume_unit' : '"&AF69&"', 'volume_quantity' : '"&ROUND(AD69,3)&"', 'pieces_unit' : '"&AI69&"', 'pieces_quantity' : '"&ROUND(AG69,3)&"', 'cooking_notes' : '"&AJ69&"'}).status_code; print('%s :: %s :: %s :: %s :: %s' %(a,"&G69&",'"&X69&"','"&Y69&"','"&U69&"'))" -> a = Client().post('/recipes/alu-flower-gravy-ekadashi/detail/', {'recipe' : '90', 'ingredient' : '1', 'name' : 'Adrak paste', 'mass_unit' : '2', 'mass_quantity' : '0', 'volume_unit' : '1', 'volume_quantity' : '0.438', 'pieces_unit' : '3', 'pieces_quantity' : '0', 'cooking_notes' : ''}).status_code; print('%s :: %s :: %s :: %s :: %s' %(a,69,'Adrak paste','adrak','Alu Flower Gravy (Ekadashi)'))
G70: 70 | H70: Jeera pwd | I70: Alu Flower Gravy (Ekadashi) | J70: Jeera pwd | M70: 0.875 | N70: cup | R70: =VLOOKUP(J70,ingredient!$N$4:$O$553,2,0) -> jeera powder | U70: =I70 -> Alu Flower Gravy (Ekadashi) | V70: =VLOOKUP(U70,recipe_ingred_list!$A$2:$B$300,2,0) -> 90 | W70: ="/recipes/"&VLOOKUP(U70,recipe_ingred_list!$A$2:$C$300,3,0)&"/detail/" -> /recipes/alu-flower-gravy-ekadashi/detail/ | X70: =J70 -> Jeera pwd | Y70: =R70 -> jeera powder | Z70: =VLOOKUP(Y70,recipe_ingred_list!$D$2:$E$500,2,0) -> 103 | AA70: =K70 -> 0 | AB70: =L70 -> 0 | AC70: =VLOOKUP(AB70,recipe_ingred_list!$K$2:$M$7,3,0) -> 2 | AD70: =M70 -> 0.875 | AE70: =N70 -> cup | AF70: =VLOOKUP(AE70,recipe_ingred_list!$K$16:$M$25,3,0) -> 5 | AG70: =O70 -> 0 | AH70: =P70 -> 0 | AI70: =VLOOKUP(AH70,recipe_ingred_list!$K$29:$M$34,3,0) -> 3 | AJ70: =IF(Q70="","",Q70) | AK70: =AK69+1 -> 70 | AL70: =Y70 -> jeera powder | AM70: ="a = Client().post('"&W70&"', {'recipe' : '"&V70&"', 'ingredient' : '"&Z70&"', 'name' : '"&X70&"', 'mass_unit' : '"&AC70&"', 'mass_quantity' : '"&ROUND(AA70,3)&"', 'volume_unit' : '"&AF70&"', 'volume_quantity' : '"&ROUND(AD70,3)&"', 'pieces_unit' : '"&AI70&"', 'pieces_quantity' : '"&ROUND(AG70,3)&"', 'cooking_notes' : '"&AJ70&"'}).status_code; print('%s :: %s :: %s :: %s :: %s' %(a,"&G70&",'"&X70&"','"&Y70&"','"&U70&"'))" -> a = Client().post('/recipes/alu-flower-gravy-ekadashi/detail/', {'recipe' : '90', 'ingredient' : '103', 'name' : 'Jeera pwd', 'mass_unit' : '2', 'mass_quantity' : '0', 'volume_unit' : '5', 'volume_quantity' : '0.875', 'pieces_unit' : '3', 'pieces_quantity' : '0', 'cooking_notes' : ''}).status_code; print('%s :: %s :: %s :: %s :: %s' %(a,70,'Jeera pwd','jeera powder','Alu Flower Gravy (Ekadashi)'))
G71: 71 | H71: Dhania Pwd | I71: Alu Flower Gravy (Ekadashi) | J71: Dhania Pwd | M71: 1.75 | N71: cup | R71: =VLOOKUP(J71,ingredient!$N$4:$O$553,2,0) -> dhaniya powder | U71: =I71 -> Alu Flower Gravy (Ekadashi) | V71: =VLOOKUP(U71,recipe_ingred_list!$A$2:$B$300,2,0) -> 90 | W71: ="/recipes/"&VLOOKUP(U71,recipe_ingred_list!$A$2:$C$300,3,0)&"/detail/" -> /recipes/alu-flower-gravy-ekadashi/detail/ | X71: =J71 -> Dhania Pwd | Y71: =R71 -> dhaniya powder | Z71: =VLOOKUP(Y71,recipe_ingred_list!$D$2:$E$500,2,0) -> 67 | AA71: =K71 -> 0 | AB71: =L71 -> 0 | AC71: =VLOOKUP(AB71,recipe_ingred_list!$K$2:$M$7,3,0) -> 2 | AD71: =M71 -> 1.75 | AE71: =N71 -> cup | AF71: =VLOOKUP(AE71,recipe_ingred_list!$K$16:$M$25,3,0) -> 5 | AG71: =O71 -> 0 | AH71: =P71 -> 0 | AI71: =VLOOKUP(AH71,recipe_ingred_list!$K$29:$M$34,3,0) -> 3 | AJ71: =IF(Q71="","",Q71) | AK71: =AK70+1 -> 71 | AL71: =Y71 -> dhaniya powder | AM71: ="a = Client().post('"&W71&"', {'recipe' : '"&V71&"', 'ingredient' : '"&Z71&"', 'name' : '"&X71&"', 'mass_unit' : '"&AC71&"', 'mass_quantity' : '"&ROUND(AA71,3)&"', 'volume_unit' : '"&AF71&"', 'volume_quantity' : '"&ROUND(AD71,3)&"', 'pieces_unit' : '"&AI71&"', 'pieces_quantity' : '"&ROUND(AG71,3)&"', 'cooking_notes' : '"&AJ71&"'}).status_code; print('%s :: %s :: %s :: %s :: %s' %(a,"&G71&",'"&X71&"','"&Y71&"','"&U71&"'))" -> a = Client().post('/recipes/alu-flower-gravy-ekadashi/detail/', {'recipe' : '90', 'ingredient' : '67', 'name' : 'Dhania Pwd', 'mass_unit' : '2', 'mass_quantity' : '0', 'volume_unit' : '5', 'volume_quantity' : '1.75', 'pieces_unit' : '3', 'pieces_quantity' : '0', 'cooking_notes' : ''}).status_code; print('%s :: %s :: %s :: %s :: %s' %(a,71,'Dhania Pwd','dhaniya powder','Alu Flower Gravy (Ekadashi)'))
G72: 72 | H72: Salt | I72: Alu Flower Gravy (Ekadashi) | J72: Salt | M72: 1.3125 | N72: cup | R72: =VLOOKUP(J72,ingredient!$N$4:$O$553,2,0) -> salt | U72: =I72 -> Alu Flower Gravy (Ekadashi) | V72: =VLOOKUP(U72,recipe_ingred_list!$A$2:$B$300,2,0) -> 90 | W72: ="/recipes/"&VLOOKUP(U72,recipe_ingred_list!$A$2:$C$300,3,0)&"/detail/" -> /recipes/alu-flower-gravy-ekadashi/detail/ | X72: =J72 -> Salt | Y72: =R72 -> salt | Z72: =VLOOKUP(Y72,recipe_ingred_list!$D$2:$E$500,2,0) -> 177 | AA72: =K72 -> 0 | AB72: =L72 -> 0 | AC72: =VLOOKUP(AB72,recipe_ingred_list!$K$2:$M$7,3,0) -> 2 | AD72: =M72 -> 1.3125 | AE72: =N72 -> cup | AF72: =VLOOKUP(AE72,recipe_ingred_list!$K$16:$M$25,3,0) -> 5 | AG72: =O72 -> 0 | AH72: =P72 -> 0 | AI72: =VLOOKUP(AH72,recipe_ingred_list!$K$29:$M$34,3,0) -> 3 | AJ72: =IF(Q72="","",Q72) | AK72: =AK71+1 -> 72 | AL72: =Y72 -> salt | AM72: ="a = Client().post('"&W72&"', {'recipe' : '"&V72&"', 'ingredient' : '"&Z72&"', 'name' : '"&X72&"', 'mass_unit' : '"&AC72&"', 'mass_quantity' : '"&ROUND(AA72,3)&"', 'volume_unit' : '"&AF72&"', 'volume_quantity' : '"&ROUND(AD72,3)&"', 'pieces_unit' : '"&AI72&"', 'pieces_quantity' : '"&ROUND(AG72,3)&"', 'cooking_notes' : '"&AJ72&"'}).status_code; print('%s :: %s :: %s :: %s :: %s' %(a,"&G72&",'"&X72&"','"&Y72&"','"&U72&"'))" -> a = Client().post('/recipes/alu-flower-gravy-ekadashi/detail/', {'recipe' : '90', 'ingredient' : '177', 'name' : 'Salt ', 'mass_unit' : '2', 'mass_quantity' : '0', 'volume_unit' : '5', 'volume_quantity' : '1.313', 'pieces_unit' : '3', 'pieces_quantity' : '0', 'cooking_notes' : ''}).status_code; print('%s :: %s :: %s :: %s :: %s' %(a,72,'Salt ','salt','Alu Flower Gravy (Ekadashi)'))
G73: 73 | H73: Everest Pulav Masala | I73: Alu Flower Gravy (Ekadashi) | J73: Everest pulao masala | M73: 1.75 | N73: cup | R73: =VLOOKUP(J73,ingredient!$N$4:$O$553,2,0) -> everest pulav masala | U73: =I73 -> Alu Flower Gravy (Ekadashi) | V73: =VLOOKUP(U73,recipe_ingred_list!$A$2:$B$300,2,0) -> 90 | W73: ="/recipes/"&VLOOKUP(U73,recipe_ingred_list!$A$2:$C$300,3,0)&"/detail/" -> /recipes/alu-flower-gravy-ekadashi/detail/ | X73: =J73 -> Everest pulao masala | Y73: =R73 -> everest pulav masala | Z73: =VLOOKUP(Y73,recipe_ingred_list!$D$2:$E$500,2,0) -> 74 | AA73: =K73 -> 0 | AB73: =L73 -> 0 | AC73: =VLOOKUP(AB73,recipe_ingred_list!$K$2:$M$7,3,0) -> 2 | AD73: =M73 -> 1.75 | AE73: =N73 -> cup | AF73: =VLOOKUP(AE73,recipe_ingred_list!$K$16:$M$25,3,0) -> 5 | AG73: =O73 -> 0 | AH73: =P73 -> 0 | AI73: =VLOOKUP(AH73,recipe_ingred_list!$K$29:$M$34,3,0) -> 3 | AJ73: =IF(Q73="","",Q73) | AK73: =AK72+1 -> 73 | AL73: =Y73 -> everest pulav masala | AM73: ="a = Client().post('"&W73&"', {'recipe' : '"&V73&"', 'ingredient' : '"&Z73&"', 'name' : '"&X73&"', 'mass_unit' : '"&AC73&"', 'mass_quantity' : '"&ROUND(AA73,3)&"', 'volume_unit' : '"&AF73&"', 'volume_quantity' : '"&ROUND(AD73,3)&"', 'pieces_unit' : '"&AI73&"', 'pieces_quantity' : '"&ROUND(AG73,3)&"', 'cooking_notes' : '"&AJ73&"'}).status_code; print('%s :: %s :: %s :: %s :: %s' %(a,"&G73&",'"&X73&"','"&Y73&"','"&U73&"'))" -> a = Client().post('/recipes/alu-flower-gravy-ekadashi/detail/', {'recipe' : '90', 'ingredient' : '74', 'name' : 'Everest pulao masala', 'mass_unit' : '2', 'mass_quantity' : '0', 'volume_unit' : '5', 'volume_quantity' : '1.75', 'pieces_unit' : '3', 'pieces_quantity' : '0', 'cooking_notes' : ''}).status_code; print('%s :: %s :: %s :: %s :: %s' %(a,73,'Everest pulao masala','everest pulav masala','Alu Flower Gravy (Ekadashi)'))
G74: 74 | H74: Kashmiri Mirchi Pwd | I74: Alu Flower Gravy (Ekadashi) | J74: Kashmiri Mirchi Powder | M74: 0.35 | N74: ltr | R74: =VLOOKUP(J74,ingredient!$N$4:$O$553,2,0) -> kashmiri chilly powder | U74: =I74 -> Alu Flower Gravy (Ekadashi) | V74: =VLOOKUP(U74,recipe_ingred_list!$A$2:$B$300,2,0) -> 90 | W74: ="/recipes/"&VLOOKUP(U74,recipe_ingred_list!$A$2:$C$300,3,0)&"/detail/" -> /recipes/alu-flower-gravy-ekadashi/detail/ | X74: =J74 -> Kashmiri Mirchi Powder | Y74: =R74 -> kashmiri chilly powder | Z74: =VLOOKUP(Y74,recipe_ingred_list!$D$2:$E$500,2,0) -> 117 | AA74: =K74 -> 0 | AB74: =L74 -> 0 | AC74: =VLOOKUP(AB74,recipe_ingred_list!$K$2:$M$7,3,0) -> 2 | AD74: =M74 -> 0.35 | AE74: =N74 -> ltr | AF74: =VLOOKUP(AE74,recipe_ingred_list!$K$16:$M$25,3,0) -> 1 | AG74: =O74 -> 0 | AH74: =P74 -> 0 | AI74: =VLOOKUP(AH74,recipe_ingred_list!$K$29:$M$34,3,0) -> 3 | AJ74: =IF(Q74="","",Q74) | AK74: =AK73+1 -> 74 | AL74: =Y74 -> kashmiri chilly powder | AM74: ="a = Client().post('"&W74&"', {'recipe' : '"&V74&"', 'ingredient' : '"&Z74&"', 'name' : '"&X74&"', 'mass_unit' : '"&AC74&"', 'mass_quantity' : '"&ROUND(AA74,3)&"', 'volume_unit' : '"&AF74&"', 'volume_quantity' : '"&ROUND(AD74,3)&"', 'pieces_unit' : '"&AI74&"', 'pieces_quantity' : '"&ROUND(AG74,3)&"', 'cooking_notes' : '"&AJ74&"'}).status_code; print('%s :: %s :: %s :: %s :: %s' %(a,"&G74&",'"&X74&"','"&Y74&"','"&U74&"'))" -> a = Client().post('/recipes/alu-flower-gravy-ekadashi/detail/', {'recipe' : '90', 'ingredient' : '117', 'name' : 'Kashmiri Mirchi Powder', 'mass_unit' : '2', 'mass_quantity' : '0', 'volume_unit' : '1', 'volume_quantity' : '0.35', 'pieces_unit' : '3', 'pieces_quantity' : '0', 'cooking_notes' : ''}).status_code; print('%s :: %s :: %s :: %s :: %s' %(a,74,'Kashmiri Mirchi Powder','kashmiri chilly powder','Alu Flower Gravy (Ekadashi)'))
G75: 75 | H75: Kaju | I75: Alu Flower Gravy (Ekadashi) | J75: Kaju paste | K75: 0.58333333 | L75: kg | R75: =VLOOKUP(J75,ingredient!$N$4:$O$553,2,0) -> kaju | U75: =I75 -> Alu Flower Gravy (Ekadashi) | V75: =VLOOKUP(U75,recipe_ingred_list!$A$2:$B$300,2,0) -> 90 | W75: ="/recipes/"&VLOOKUP(U75,recipe_ingred_list!$A$2:$C$300,3,0)&"/detail/" -> /recipes/alu-flower-gravy-ekadashi/detail/ | X75: =J75 -> Kaju paste | Y75: =R75 -> kaju | Z75: =VLOOKUP(Y75,recipe_ingred_list!$D$2:$E$500,2,0) -> 107 | AA75: =K75 -> 0.58333333 | AB75: =L75 -> kg | AC75: =VLOOKUP(AB75,recipe_ingred_list!$K$2:$M$7,3,0) -> 2 | AD75: =M75 -> 0 | AE75: =N75 -> 0 | AF75: =VLOOKUP(AE75,recipe_ingred_list!$K$16:$M$25,3,0) -> 1 | AG75: =O75 -> 0 | AH75: =P75 -> 0 | AI75: =VLOOKUP(AH75,recipe_ingred_list!$K$29:$M$34,3,0) -> 3 | AJ75: =IF(Q75="","",Q75) | AK75: =AK74+1 -> 75 | AL75: =Y75 -> kaju | AM75: ="a = Client().post('"&W75&"', {'recipe' : '"&V75&"', 'ingredient' : '"&Z75&"', 'name' : '"&X75&"', 'mass_unit' : '"&AC75&"', 'mass_quantity' : '"&ROUND(AA75,3)&"', 'volume_unit' : '"&AF75&"', 'volume_quantity' : '"&ROUND(AD75,3)&"', 'pieces_unit' : '"&AI75&"', 'pieces_quantity' : '"&ROUND(AG75,3)&"', 'cooking_notes' : '"&AJ75&"'}).status_code; print('%s :: %s :: %s :: %s :: %s' %(a,"&G75&",'"&X75&"','"&Y75&"','"&U75&"'))" -> a = Client().post('/recipes/alu-flower-gravy-ekadashi/detail/', {'recipe' : '90', 'ingredient' : '107', 'name' : 'Kaju paste', 'mass_unit' : '2', 'mass_quantity' : '0.583', 'volume_unit' : '1', 'volume_quantity' : '0', 'pieces_unit' : '3', 'pieces_quantity' : '0', 'cooking_notes' : ''}).status_code; print('%s :: %s :: %s :: %s :: %s' %(a,75,'Kaju paste','kaju','Alu Flower Gravy (Ekadashi)'))
G76: 76 | H76: Brown sugar | I76: Alu Flower Gravy (Ekadashi) | J76: Brown sugar (bluebird) | K76: 0.425 | L76: kg | M76: 0.58333333 | N76: ltr | R76: =VLOOKUP(J76,ingredient!$N$4:$O$553,2,0) -> brown sugar | U76: =I76 -> Alu Flower Gravy (Ekadashi) | V76: =VLOOKUP(U76,recipe_ingred_list!$A$2:$B$300,2,0) -> 90 | W76: ="/recipes/"&VLOOKUP(U76,recipe_ingred_list!$A$2:$C$300,3,0)&"/detail/" -> /recipes/alu-flower-gravy-ekadashi/detail/ | X76: =J76 -> Brown sugar (bluebird) | Y76: =R76 -> brown sugar | Z76: =VLOOKUP(Y76,recipe_ingred_list!$D$2:$E$500,2,0) -> 37 | AA76: =K76 -> 0.425 | AB76: =L76 -> kg | AC76: =VLOOKUP(AB76,recipe_ingred_list!$K$2:$M$7,3,0) -> 2 | AD76: =M76 -> 0.58333333 | AE76: =N76 -> ltr | AF76: =VLOOKUP(AE76,recipe_ingred_list!$K$16:$M$25,3,0) -> 1 | AG76: =O76 -> 0 | AH76: =P76 -> 0 | AI76: =VLOOKUP(AH76,recipe_ingred_list!$K$29:$M$34,3,0) -> 3 | AJ76: =IF(Q76="","",Q76) | AK76: =AK75+1 -> 76 | AL76: =Y76 -> brown sugar | AM76: ="a = Client().post('"&W76&"', {'recipe' : '"&V76&"', 'ingredient' : '"&Z76&"', 'name' : '"&X76&"', 'mass_unit' : '"&AC76&"', 'mass_quantity' : '"&ROUND(AA76,3)&"', 'volume_unit' : '"&AF76&"', 'volume_quantity' : '"&ROUND(AD76,3)&"', 'pieces_unit' : '"&AI76&"', 'pieces_quantity' : '"&ROUND(AG76,3)&"', 'cooking_notes' : '"&AJ76&"'}).status_code; print('%s :: %s :: %s :: %s :: %s' %(a,"&G76&",'"&X76&"','"&Y76&"','"&U76&"'))" -> a = Client().post('/recipes/alu-flower-gravy-ekadashi/detail/', {'recipe' : '90', 'ingredient' : '37', 'name' : 'Brown sugar (bluebird)', 'mass_unit' : '2', 'mass_quantity' : '0.425', 'volume_unit' : '1', 'volume_quantity' : '0.583', 'pieces_unit' : '3', 'pieces_quantity' : '0', 'cooking_notes' : ''}).status_code; print('%s :: %s :: %s :: %s :: %s' %(a,76,'Brown sugar (bluebird)','brown sugar','Alu Flower Gravy (Ekadashi)'))
G77: 77 | H77: Dhania Patta | I77: Alu Flower Gravy (Ekadashi) | J77: Dhania Patta | M77: 0.58333333 | N77: ltr | R77: =VLOOKUP(J77,ingredient!$N$4:$O$553,2,0) -> dhaniya patta | U77: =I77 -> Alu Flower Gravy (Ekadashi) | V77: =VLOOKUP(U77,recipe_ingred_list!$A$2:$B$300,2,0) -> 90 | W77: ="/recipes/"&VLOOKUP(U77,recipe_ingred_list!$A$2:$C$300,3,0)&"/detail/" -> /recipes/alu-flower-gravy-ekadashi/detail/ | X77: =J77 -> Dhania Patta | Y77: =R77 -> dhaniya patta | Z77: =VLOOKUP(Y77,recipe_ingred_list!$D$2:$E$500,2,0) -> 66 | AA77: =K77 -> 0 | AB77: =L77 -> 0 | AC77: =VLOOKUP(AB77,recipe_ingred_list!$K$2:$M$7,3,0) -> 2 | AD77: =M77 -> 0.58333333 | AE77: =N77 -> ltr | AF77: =VLOOKUP(AE77,recipe_ingred_list!$K$16:$M$25,3,0) -> 1 | AG77: =O77 -> 0 | AH77: =P77 -> 0 | AI77: =VLOOKUP(AH77,recipe_ingred_list!$K$29:$M$34,3,0) -> 3 | AJ77: =IF(Q77="","",Q77) | AK77: =AK76+1 -> 77 | AL77: =Y77 -> dhaniya patta | AM77: ="a = Client().post('"&W77&"', {'recipe' : '"&V77&"', 'ingredient' : '"&Z77&"', 'name' : '"&X77&"', 'mass_unit' : '"&AC77&"', 'mass_quantity' : '"&ROUND(AA77,3)&"', 'volume_unit' : '"&AF77&"', 'volume_quantity' : '"&ROUND(AD77,3)&"', 'pieces_unit' : '"&AI77&"', 'pieces_quantity' : '"&ROUND(AG77,3)&"', 'cooking_notes' : '"&AJ77&"'}).status_code; print('%s :: %s :: %s :: %s :: %s' %(a,"&G77&",'"&X77&"','"&Y77&"','"&U77&"'))" -> a = Client().post('/recipes/alu-flower-gravy-ekadashi/detail/', {'recipe' : '90', 'ingredient' : '66', 'name' : 'Dhania Patta', 'mass_unit' : '2', 'mass_quantity' : '0', 'volume_unit' : '1', 'volume_quantity' : '0.583', 'pieces_unit' : '3', 'pieces_quantity' : '0', 'cooking_notes' : ''}).status_code; print('%s :: %s :: %s :: %s :: %s' %(a,77,'Dhania Patta','dhaniya patta','Alu Flower Gravy (Ekadashi)'))
G78: 78 | H78: Oil for frying | I78: Alu Flower Gravy (Ekadashi) | J78: Oil for frying | K78: 0 | L78: kg | R78: =VLOOKUP(J78,ingredient!$N$4:$O$553,2,0) -> gound nut oil | U78: =I78 -> Alu Flower Gravy (Ekadashi) | V78: =VLOOKUP(U78,recipe_ingred_list!$A$2:$B$300,2,0) -> 90 | W78: ="/recipes/"&VLOOKUP(U78,recipe_ingred_list!$A$2:$C$300,3,0)&"/detail/" -> /recipes/alu-flower-gravy-ekadashi/detail/ | X78: =J78 -> Oil for frying | Y78: =R78 -> gound nut oil | Z78: =VLOOKUP(Y78,recipe_ingred_list!$D$2:$E$500,2,0) -> 83 | AA78: =K78 -> 0 | AB78: =L78 -> kg | AC78: =VLOOKUP(AB78,recipe_ingred_list!$K$2:$M$7,3,0) -> 2 | AD78: =M78 -> 0 | AE78: =N78 -> 0 | AF78: =VLOOKUP(AE78,recipe_ingred_list!$K$16:$M$25,3,0) -> 1 | AG78: =O78 -> 0 | AH78: =P78 -> 0 | AI78: =VLOOKUP(AH78,recipe_ingred_list!$K$29:$M$34,3,0) -> 3 | AJ78: =IF(Q78="","",Q78) | AK78: =AK77+1 -> 78 | AL78: =Y78 -> gound nut oil | AM78: ="a = Client().post('"&W78&"', {'recipe' : '"&V78&"', 'ingredient' : '"&Z78&"', 'name' : '"&X78&"', 'mass_unit' : '"&AC78&"', 'mass_quantity' : '"&ROUND(AA78,3)&"', 'volume_unit' : '"&AF78&"', 'volume_quantity' : '"&ROUND(AD78,3)&"', 'pieces_unit' : '"&AI78&"', 'pieces_quantity' : '"&ROUND(AG78,3)&"', 'cooking_notes' : '"&AJ78&"'}).status_code; print('%s :: %s :: %s :: %s :: %s' %(a,"&G78&",'"&X78&"','"&Y78&"','"&U78&"'))" -> a = Client().post('/recipes/alu-flower-gravy-ekadashi/detail/', {'recipe' : '90', 'ingredient' : '83', 'name' : 'Oil for frying', 'mass_unit' : '2', 'mass_quantity' : '0', 'volume_unit' : '1', 'volume_quantity' : '0', 'pieces_unit' : '3', 'pieces_quantity' : '0', 'cooking_notes' : ''}).status_code; print('%s :: %s :: %s :: %s :: %s' %(a,78,'Oil for frying','gound nut oil','Alu Flower Gravy (Ekadashi)'))
G79: 79 | R79: =VLOOKUP(J79,ingredient!$N$4:$O$553,2,0) -> #N/A | U79: =I79 -> 0 | V79: =VLOOKUP(U79,recipe_ingred_list!$A$2:$B$300,2,0) -> #N/A | W79: ="/recipes/"&VLOOKUP(U79,recipe_ingred_list!$A$2:$C$300,3,0)&"/detail/" -> #N/A | X79: =J79 -> 0 | Y79: =R79 -> #N/A | Z79: =VLOOKUP(Y79,recipe_ingred_list!$D$2:$E$500,2,0) -> #N/A | AA79: =K79 -> 0 | AB79: =L79 -> 0 | AC79: =VLOOKUP(AB79,recipe_ingred_list!$K$2:$M$7,3,0) -> 2 | AD79: =M79 -> 0 | AE79: =N79 -> 0 | AF79: =VLOOKUP(AE79,recipe_ingred_list!$K$16:$M$25,3,0) -> 1 | AG79: =O79 -> 0 | AH79: =P79 -> 0 | AI79: =VLOOKUP(AH79,recipe_ingred_list!$K$29:$M$34,3,0) -> 3 | AJ79: =IF(Q79="","",Q79) | AK79: =AK78+1 -> 79 | AL79: =Y79 -> #N/A | AM79: ="a = Client().post('"&W79&"', {'recipe' : '"&V79&"', 'ingredient' : '"&Z79&"', 'name' : '"&X79&"', 'mass_unit' : '"&AC79&"', 'mass_quantity' : '"&ROUND(AA79,3)&"', 'volume_unit' : '"&AF79&"', 'volume_quantity' : '"&ROUND(AD79,3)&"', 'pieces_unit' : '"&AI79&"', 'pieces_quantity' : '"&ROUND(AG79,3)&"', 'cooking_notes' : '"&AJ79&"'}).status_code; print('%s :: %s :: %s :: %s :: %s' %(a,"&G79&",'"&X79&"','"&Y79&"','"&U79&"'))" -> #N/A
G80: 80 | R80: =VLOOKUP(J80,ingredient!$N$4:$O$553,2,0) -> #N/A | U80: =I80 -> 0 | V80: =VLOOKUP(U80,recipe_ingred_list!$A$2:$B$300,2,0) -> #N/A | W80: ="/recipes/"&VLOOKUP(U80,recipe_ingred_list!$A$2:$C$300,3,0)&"/detail/" -> #N/A | X80: =J80 -> 0 | Y80: =R80 -> #N/A | Z80: =VLOOKUP(Y80,recipe_ingred_list!$D$2:$E$500,2,0) -> #N/A | AA80: =K80 -> 0 | AB80: =L80 -> 0 | AC80: =VLOOKUP(AB80,recipe_ingred_list!$K$2:$M$7,3,0) -> 2 | AD80: =M80 -> 0 | AE80: =N80 -> 0 | AF80: =VLOOKUP(AE80,recipe_ingred_list!$K$16:$M$25,3,0) -> 1 | AG80: =O80 -> 0 | AH80: =P80 -> 0 | AI80: =VLOOKUP(AH80,recipe_ingred_list!$K$29:$M$34,3,0) -> 3 | AJ80: =IF(Q80="","",Q80) | AK80: =AK79+1 -> 80 | AL80: =Y80 -> #N/A | AM80: ="a = Client().post('"&W80&"', {'recipe' : '"&V80&"', 'ingredient' : '"&Z80&"', 'name' : '"&X80&"', 'mass_unit' : '"&AC80&"', 'mass_quantity' : '"&ROUND(AA80,3)&"', 'volume_unit' : '"&AF80&"', 'volume_quantity' : '"&ROUND(AD80,3)&"', 'pieces_unit' : '"&AI80&"', 'pieces_quantity' : '"&ROUND(AG80,3)&"', 'cooking_notes' : '"&AJ80&"'}).status_code; print('%s :: %s :: %s :: %s :: %s' %(a,"&G80&",'"&X80&"','"&Y80&"','"&U80&"'))" -> #N/A
G81: 81 | H81: Ingredients | J81: Ingredients | K81: Unit | R81: =VLOOKUP(J81,ingredient!$N$4:$O$553,2,0) -> #N/A | U81: =I81 -> 0 | V81: =VLOOKUP(U81,recipe_ingred_list!$A$2:$B$300,2,0) -> #N/A | W81: ="/recipes/"&VLOOKUP(U81,recipe_ingred_list!$A$2:$C$300,3,0)&"/detail/" -> #N/A | X81: =J81 -> Ingredients | Y81: =R81 -> #N/A | Z81: =VLOOKUP(Y81,recipe_ingred_list!$D$2:$E$500,2,0) -> #N/A | AA81: =K81 -> Unit | AB81: =L81 -> 0 | AC81: =VLOOKUP(AB81,recipe_ingred_list!$K$2:$M$7,3,0) -> 2 | AD81: =M81 -> 0 | AE81: =N81 -> 0 | AF81: =VLOOKUP(AE81,recipe_ingred_list!$K$16:$M$25,3,0) -> 1 | AG81: =O81 -> 0 | AH81: =P81 -> 0 | AI81: =VLOOKUP(AH81,recipe_ingred_list!$K$29:$M$34,3,0) -> 3 | AJ81: =IF(Q81="","",Q81) | AK81: =AK80+1 -> 81 | AL81: =Y81 -> #N/A | AM81: ="a = Client().post('"&W81&"', {'recipe' : '"&V81&"', 'ingredient' : '"&Z81&"', 'name' : '"&X81&"', 'mass_unit' : '"&AC81&"', 'mass_quantity' : '"&ROUND(AA81,3)&"', 'volume_unit' : '"&AF81&"', 'volume_quantity' : '"&ROUND(AD81,3)&"', 'pieces_unit' : '"&AI81&"', 'pieces_quantity' : '"&ROUND(AG81,3)&"', 'cooking_notes' : '"&AJ81&"'}).status_code; print('%s :: %s :: %s :: %s :: %s' %(a,"&G81&",'"&X81&"','"&Y81&"','"&U81&"'))" -> #N/A
G82: 82 | H82: singdana | I82: Kakdi singdana salad | J82: Boiled singdana | K82: 8 | L82: kg | R82: =VLOOKUP(J82,ingredient!$N$4:$O$553,2,0) -> singdana | U82: =I82 -> Kakdi singdana salad | V82: =VLOOKUP(U82,recipe_ingred_list!$A$2:$B$300,2,0) -> 92 | W82: ="/recipes/"&VLOOKUP(U82,recipe_ingred_list!$A$2:$C$300,3,0)&"/detail/" -> /recipes/kakdi-singdana-salad/detail/ | X82: =J82 -> Boiled singdana | Y82: =R82 -> singdana | Z82: =VLOOKUP(Y82,recipe_ingred_list!$D$2:$E$500,2,0) -> 183 | AA82: =K82 -> 8 | AB82: =L82 -> kg | AC82: =VLOOKUP(AB82,recipe_ingred_list!$K$2:$M$7,3,0) -> 2 | AD82: =M82 -> 0 | AE82: =N82 -> 0 | AF82: =VLOOKUP(AE82,recipe_ingred_list!$K$16:$M$25,3,0) -> 1 | AG82: =O82 -> 0 | AH82: =P82 -> 0 | AI82: =VLOOKUP(AH82,recipe_ingred_list!$K$29:$M$34,3,0) -> 3 | AJ82: =IF(Q82="","",Q82) | AK82: =AK81+1 -> 82 | AL82: =Y82 -> singdana | AM82: ="a = Client().post('"&W82&"', {'recipe' : '"&V82&"', 'ingredient' : '"&Z82&"', 'name' : '"&X82&"', 'mass_unit' : '"&AC82&"', 'mass_quantity' : '"&ROUND(AA82,3)&"', 'volume_unit' : '"&AF82&"', 'volume_quantity' : '"&ROUND(AD82,3)&"', 'pieces_unit' : '"&AI82&"', 'pieces_quantity' : '"&ROUND(AG82,3)&"', 'cooking_notes' : '"&AJ82&"'}).status_code; print('%s :: %s :: %s :: %s :: %s' %(a,"&G82&",'"&X82&"','"&Y82&"','"&U82&"'))" -> a = Client().post('/recipes/kakdi-singdana-salad/detail/', {'recipe' : '92', 'ingredient' : '183', 'name' : 'Boiled singdana', 'mass_unit' : '2', 'mass_quantity' : '8', 'volume_unit' : '1', 'volume_quantity' : '0', 'pieces_unit' : '3', 'pieces_quantity' : '0', 'cooking_notes' : ''}).status_code; print('%s :: %s :: %s :: %s :: %s' %(a,82,'Boiled singdana','singdana','Kakdi singdana salad'))
G83: 83 | H83: Kakdi | I83: Kakdi singdana salad | J83: Kakdi chopped | K83: 10 | L83: kg | R83: =VLOOKUP(J83,ingredient!$N$4:$O$553,2,0) -> kakdi | U83: =I83 -> Kakdi singdana salad | V83: =VLOOKUP(U83,recipe_ingred_list!$A$2:$B$300,2,0) -> 92 | W83: ="/recipes/"&VLOOKUP(U83,recipe_ingred_list!$A$2:$C$300,3,0)&"/detail/" -> /recipes/kakdi-singdana-salad/detail/ | X83: =J83 -> Kakdi chopped | Y83: =R83 -> kakdi | Z83: =VLOOKUP(Y83,recipe_ingred_list!$D$2:$E$500,2,0) -> 111 | AA83: =K83 -> 10 | AB83: =L83 -> kg | AC83: =VLOOKUP(AB83,recipe_ingred_list!$K$2:$M$7,3,0) -> 2 | AD83: =M83 -> 0 | AE83: =N83 -> 0 | AF83: =VLOOKUP(AE83,recipe_ingred_list!$K$16:$M$25,3,0) -> 1 | AG83: =O83 -> 0 | AH83: =P83 -> 0 | AI83: =VLOOKUP(AH83,recipe_ingred_list!$K$29:$M$34,3,0) -> 3 | AJ83: =IF(Q83="","",Q83) | AK83: =AK82+1 -> 83 | AL83: =Y83 -> kakdi | AM83: ="a = Client().post('"&W83&"', {'recipe' : '"&V83&"', 'ingredient' : '"&Z83&"', 'name' : '"&X83&"', 'mass_unit' : '"&AC83&"', 'mass_quantity' : '"&ROUND(AA83,3)&"', 'volume_unit' : '"&AF83&"', 'volume_quantity' : '"&ROUND(AD83,3)&"', 'pieces_unit' : '"&AI83&"', 'pieces_quantity' : '"&ROUND(AG83,3)&"', 'cooking_notes' : '"&AJ83&"'}).status_code; print('%s :: %s :: %s :: %s :: %s' %(a,"&G83&",'"&X83&"','"&Y83&"','"&U83&"'))" -> a = Client().post('/recipes/kakdi-singdana-salad/detail/', {'recipe' : '92', 'ingredient' : '111', 'name' : 'Kakdi chopped', 'mass_unit' : '2', 'mass_quantity' : '10', 'volume_unit' : '1', 'volume_quantity' : '0', 'pieces_unit' : '3', 'pieces_quantity' : '0', 'cooking_notes' : ''}).status_code; print('%s :: %s :: %s :: %s :: %s' %(a,83,'Kakdi chopped','kakdi','Kakdi singdana salad'))
G84: 84 | H84: Tomato | I84: Kakdi singdana salad | J84: tomato chopped | K84: 10 | L84: kg | R84: =VLOOKUP(J84,ingredient!$N$4:$O$553,2,0) -> tomato | U84: =I84 -> Kakdi singdana salad | V84: =VLOOKUP(U84,recipe_ingred_list!$A$2:$B$300,2,0) -> 92 | W84: ="/recipes/"&VLOOKUP(U84,recipe_ingred_list!$A$2:$C$300,3,0)&"/detail/" -> /recipes/kakdi-singdana-salad/detail/ | X84: =J84 -> tomato chopped | Y84: =R84 -> tomato | Z84: =VLOOKUP(Y84,recipe_ingred_list!$D$2:$E$500,2,0) -> 195 | AA84: =K84 -> 10 | AB84: =L84 -> kg | AC84: =VLOOKUP(AB84,recipe_ingred_list!$K$2:$M$7,3,0) -> 2 | AD84: =M84 -> 0 | AE84: =N84 -> 0 | AF84: =VLOOKUP(AE84,recipe_ingred_list!$K$16:$M$25,3,0) -> 1 | AG84: =O84 -> 0 | AH84: =P84 -> 0 | AI84: =VLOOKUP(AH84,recipe_ingred_list!$K$29:$M$34,3,0) -> 3 | AJ84: =IF(Q84="","",Q84) | AK84: =AK83+1 -> 84 | AL84: =Y84 -> tomato | AM84: ="a = Client().post('"&W84&"', {'recipe' : '"&V84&"', 'ingredient' : '"&Z84&"', 'name' : '"&X84&"', 'mass_unit' : '"&AC84&"', 'mass_quantity' : '"&ROUND(AA84,3)&"', 'volume_unit' : '"&AF84&"', 'volume_quantity' : '"&ROUND(AD84,3)&"', 'pieces_unit' : '"&AI84&"', 'pieces_quantity' : '"&ROUND(AG84,3)&"', 'cooking_notes' : '"&AJ84&"'}).status_code; print('%s :: %s :: %s :: %s :: %s' %(a,"&G84&",'"&X84&"','"&Y84&"','"&U84&"'))" -> a = Client().post('/recipes/kakdi-singdana-salad/detail/', {'recipe' : '92', 'ingredient' : '195', 'name' : 'tomato chopped', 'mass_unit' : '2', 'mass_quantity' : '10', 'volume_unit' : '1', 'volume_quantity' : '0', 'pieces_unit' : '3', 'pieces_quantity' : '0', 'cooking_notes' : ''}).status_code; print('%s :: %s :: %s :: %s :: %s' %(a,84,'tomato chopped','tomato','Kakdi singdana salad'))
G85: 85 | H85: Hari mirchi | I85: Kakdi singdana salad | J85: Hari mirchi fine chopped | M85: 3 | N85: cup | R85: =VLOOKUP(J85,ingredient!$N$4:$O$553,2,0) -> hari mirchi | U85: =I85 -> Kakdi singdana salad | V85: =VLOOKUP(U85,recipe_ingred_list!$A$2:$B$300,2,0) -> 92 | W85: ="/recipes/"&VLOOKUP(U85,recipe_ingred_list!$A$2:$C$300,3,0)&"/detail/" -> /recipes/kakdi-singdana-salad/detail/ | X85: =J85 -> Hari mirchi fine chopped | Y85: =R85 -> hari mirchi | Z85: =VLOOKUP(Y85,recipe_ingred_list!$D$2:$E$500,2,0) -> 93 | AA85: =K85 -> 0 | AB85: =L85 -> 0 | AC85: =VLOOKUP(AB85,recipe_ingred_list!$K$2:$M$7,3,0) -> 2 | AD85: =M85 -> 3 | AE85: =N85 -> cup | AF85: =VLOOKUP(AE85,recipe_ingred_list!$K$16:$M$25,3,0) -> 5 | AG85: =O85 -> 0 | AH85: =P85 -> 0 | AI85: =VLOOKUP(AH85,recipe_ingred_list!$K$29:$M$34,3,0) -> 3 | AJ85: =IF(Q85="","",Q85) | AK85: =AK84+1 -> 85 | AL85: =Y85 -> hari mirchi | AM85: ="a = Client().post('"&W85&"', {'recipe' : '"&V85&"', 'ingredient' : '"&Z85&"', 'name' : '"&X85&"', 'mass_unit' : '"&AC85&"', 'mass_quantity' : '"&ROUND(AA85,3)&"', 'volume_unit' : '"&AF85&"', 'volume_quantity' : '"&ROUND(AD85,3)&"', 'pieces_unit' : '"&AI85&"', 'pieces_quantity' : '"&ROUND(AG85,3)&"', 'cooking_notes' : '"&AJ85&"'}).status_code; print('%s :: %s :: %s :: %s :: %s' %(a,"&G85&",'"&X85&"','"&Y85&"','"&U85&"'))" -> a = Client().post('/recipes/kakdi-singdana-salad/detail/', {'recipe' : '92', 'ingredient' : '93', 'name' : 'Hari mirchi fine chopped', 'mass_unit' : '2', 'mass_quantity' : '0', 'volume_unit' : '5', 'volume_quantity' : '3', 'pieces_unit' : '3', 'pieces_quantity' : '0', 'cooking_notes' : ''}).status_code; print('%s :: %s :: %s :: %s :: %s' %(a,85,'Hari mirchi fine chopped','hari mirchi','Kakdi singdana salad'))
G86: 86 | H86: Salt | I86: Kakdi singdana salad | J86: Salt | M86: 2 | N86: cup | R86: =VLOOKUP(J86,ingredient!$N$4:$O$553,2,0) -> salt | U86: =I86 -> Kakdi singdana salad | V86: =VLOOKUP(U86,recipe_ingred_list!$A$2:$B$300,2,0) -> 92 | W86: ="/recipes/"&VLOOKUP(U86,recipe_ingred_list!$A$2:$C$300,3,0)&"/detail/" -> /recipes/kakdi-singdana-salad/detail/ | X86: =J86 -> Salt | Y86: =R86 -> salt | Z86: =VLOOKUP(Y86,recipe_ingred_list!$D$2:$E$500,2,0) -> 177 | AA86: =K86 -> 0 | AB86: =L86 -> 0 | AC86: =VLOOKUP(AB86,recipe_ingred_list!$K$2:$M$7,3,0) -> 2 | AD86: =M86 -> 2 | AE86: =N86 -> cup | AF86: =VLOOKUP(AE86,recipe_ingred_list!$K$16:$M$25,3,0) -> 5 | AG86: =O86 -> 0 | AH86: =P86 -> 0 | AI86: =VLOOKUP(AH86,recipe_ingred_list!$K$29:$M$34,3,0) -> 3 | AJ86: =IF(Q86="","",Q86) | AK86: =AK85+1 -> 86 | AL86: =Y86 -> salt | AM86: ="a = Client().post('"&W86&"', {'recipe' : '"&V86&"', 'ingredient' : '"&Z86&"', 'name' : '"&X86&"', 'mass_unit' : '"&AC86&"', 'mass_quantity' : '"&ROUND(AA86,3)&"', 'volume_unit' : '"&AF86&"', 'volume_quantity' : '"&ROUND(AD86,3)&"', 'pieces_unit' : '"&AI86&"', 'pieces_quantity' : '"&ROUND(AG86,3)&"', 'cooking_notes' : '"&AJ86&"'}).status_code; print('%s :: %s :: %s :: %s :: %s' %(a,"&G86&",'"&X86&"','"&Y86&"','"&U86&"'))" -> a = Client().post('/recipes/kakdi-singdana-salad/detail/', {'recipe' : '92', 'ingredient' : '177', 'name' : 'Salt', 'mass_unit' : '2', 'mass_quantity' : '0', 'volume_unit' : '5', 'volume_quantity' : '2', 'pieces_unit' : '3', 'pieces_quantity' : '0', 'cooking_notes' : ''}).status_code; print('%s :: %s :: %s :: %s :: %s' %(a,86,'Salt','salt','Kakdi singdana salad'))
G87: 87 | H87: Dhania patta | I87: Kakdi singdana salad | J87: Dhania patta | M87: 2 | N87: ltr | R87: =VLOOKUP(J87,ingredient!$N$4:$O$553,2,0) -> dhaniya patta | U87: =I87 -> Kakdi singdana salad | V87: =VLOOKUP(U87,recipe_ingred_list!$A$2:$B$300,2,0) -> 92 | W87: ="/recipes/"&VLOOKUP(U87,recipe_ingred_list!$A$2:$C$300,3,0)&"/detail/" -> /recipes/kakdi-singdana-salad/detail/ | X87: =J87 -> Dhania patta | Y87: =R87 -> dhaniya patta | Z87: =VLOOKUP(Y87,recipe_ingred_list!$D$2:$E$500,2,0) -> 66 | AA87: =K87 -> 0 | AB87: =L87 -> 0 | AC87: =VLOOKUP(AB87,recipe_ingred_list!$K$2:$M$7,3,0) -> 2 | AD87: =M87 -> 2 | AE87: =N87 -> ltr | AF87: =VLOOKUP(AE87,recipe_ingred_list!$K$16:$M$25,3,0) -> 1 | AG87: =O87 -> 0 | AH87: =P87 -> 0 | AI87: =VLOOKUP(AH87,recipe_ingred_list!$K$29:$M$34,3,0) -> 3 | AJ87: =IF(Q87="","",Q87) | AK87: =AK86+1 -> 87 | AL87: =Y87 -> dhaniya patta | AM87: ="a = Client().post('"&W87&"', {'recipe' : '"&V87&"', 'ingredient' : '"&Z87&"', 'name' : '"&X87&"', 'mass_unit' : '"&AC87&"', 'mass_quantity' : '"&ROUND(AA87,3)&"', 'volume_unit' : '"&AF87&"', 'volume_quantity' : '"&ROUND(AD87,3)&"', 'pieces_unit' : '"&AI87&"', 'pieces_quantity' : '"&ROUND(AG87,3)&"', 'cooking_notes' : '"&AJ87&"'}).status_code; print('%s :: %s :: %s :: %s :: %s' %(a,"&G87&",'"&X87&"','"&Y87&"','"&U87&"'))" -> a = Client().post('/recipes/kakdi-singdana-salad/detail/', {'recipe' : '92', 'ingredient' : '66', 'name' : 'Dhania patta', 'mass_unit' : '2', 'mass_quantity' : '0', 'volume_unit' : '1', 'volume_quantity' : '2', 'pieces_unit' : '3', 'pieces_quantity' : '0', 'cooking_notes' : ''}).status_code; print('%s :: %s :: %s :: %s :: %s' %(a,87,'Dhania patta','dhaniya patta','Kakdi singdana salad'))
G88: 88 | H88: Rocket leaves | I88: Kakdi singdana salad | J88: Rocket leaves | K88: 2.5 | L88: kg | R88: =VLOOKUP(J88,ingredient!$N$4:$O$553,2,0) -> rocket leaves | U88: =I88 -> Kakdi singdana salad | V88: =VLOOKUP(U88,recipe_ingred_list!$A$2:$B$300,2,0) -> 92 | W88: ="/recipes/"&VLOOKUP(U88,recipe_ingred_list!$A$2:$C$300,3,0)&"/detail/" -> /recipes/kakdi-singdana-salad/detail/ | X88: =J88 -> Rocket leaves | Y88: =R88 -> rocket leaves | Z88: =VLOOKUP(Y88,recipe_ingred_list!$D$2:$E$500,2,0) -> 218 | AA88: =K88 -> 2.5 | AB88: =L88 -> kg | AC88: =VLOOKUP(AB88,recipe_ingred_list!$K$2:$M$7,3,0) -> 2 | AD88: =M88 -> 0 | AE88: =N88 -> 0 | AF88: =VLOOKUP(AE88,recipe_ingred_list!$K$16:$M$25,3,0) -> 1 | AG88: =O88 -> 0 | AH88: =P88 -> 0 | AI88: =VLOOKUP(AH88,recipe_ingred_list!$K$29:$M$34,3,0) -> 3 | AJ88: =IF(Q88="","",Q88) | AK88: =AK87+1 -> 88 | AL88: =Y88 -> rocket leaves | AM88: ="a = Client().post('"&W88&"', {'recipe' : '"&V88&"', 'ingredient' : '"&Z88&"', 'name' : '"&X88&"', 'mass_unit' : '"&AC88&"', 'mass_quantity' : '"&ROUND(AA88,3)&"', 'volume_unit' : '"&AF88&"', 'volume_quantity' : '"&ROUND(AD88,3)&"', 'pieces_unit' : '"&AI88&"', 'pieces_quantity' : '"&ROUND(AG88,3)&"', 'cooking_notes' : '"&AJ88&"'}).status_code; print('%s :: %s :: %s :: %s :: %s' %(a,"&G88&",'"&X88&"','"&Y88&"','"&U88&"'))" -> a = Client().post('/recipes/kakdi-singdana-salad/detail/', {'recipe' : '92', 'ingredient' : '218', 'name' : 'Rocket leaves', 'mass_unit' : '2', 'mass_quantity' : '2.5', 'volume_unit' : '1', 'volume_quantity' : '0', 'pieces_unit' : '3', 'pieces_quantity' : '0', 'cooking_notes' : ''}).status_code; print('%s :: %s :: %s :: %s :: %s' %(a,88,'Rocket leaves','rocket leaves','Kakdi singdana salad'))
G89: 89 | H89: EVOO | I89: Kakdi singdana salad | J89: EVOO | M89: 1 | N89: ltr | R89: =VLOOKUP(J89,ingredient!$N$4:$O$553,2,0) -> evoo | U89: =I89 -> Kakdi singdana salad | V89: =VLOOKUP(U89,recipe_ingred_list!$A$2:$B$300,2,0) -> 92 | W89: ="/recipes/"&VLOOKUP(U89,recipe_ingred_list!$A$2:$C$300,3,0)&"/detail/" -> /recipes/kakdi-singdana-salad/detail/ | X89: =J89 -> EVOO | Y89: =R89 -> evoo | Z89: =VLOOKUP(Y89,recipe_ingred_list!$D$2:$E$500,2,0) -> 76 | AA89: =K89 -> 0 | AB89: =L89 -> 0 | AC89: =VLOOKUP(AB89,recipe_ingred_list!$K$2:$M$7,3,0) -> 2 | AD89: =M89 -> 1 | AE89: =N89 -> ltr | AF89: =VLOOKUP(AE89,recipe_ingred_list!$K$16:$M$25,3,0) -> 1 | AG89: =O89 -> 0 | AH89: =P89 -> 0 | AI89: =VLOOKUP(AH89,recipe_ingred_list!$K$29:$M$34,3,0) -> 3 | AJ89: =IF(Q89="","",Q89) | AK89: =AK88+1 -> 89 | AL89: =Y89 -> evoo | AM89: ="a = Client().post('"&W89&"', {'recipe' : '"&V89&"', 'ingredient' : '"&Z89&"', 'name' : '"&X89&"', 'mass_unit' : '"&AC89&"', 'mass_quantity' : '"&ROUND(AA89,3)&"', 'volume_unit' : '"&AF89&"', 'volume_quantity' : '"&ROUND(AD89,3)&"', 'pieces_unit' : '"&AI89&"', 'pieces_quantity' : '"&ROUND(AG89,3)&"', 'cooking_notes' : '"&AJ89&"'}).status_code; print('%s :: %s :: %s :: %s :: %s' %(a,"&G89&",'"&X89&"','"&Y89&"','"&U89&"'))" -> a = Client().post('/recipes/kakdi-singdana-salad/detail/', {'recipe' : '92', 'ingredient' : '76', 'name' : 'EVOO', 'mass_unit' : '2', 'mass_quantity' : '0', 'volume_unit' : '1', 'volume_quantity' : '1', 'pieces_unit' : '3', 'pieces_quantity' : '0', 'cooking_notes' : ''}).status_code; print('%s :: %s :: %s :: %s :: %s' %(a,89,'EVOO','evoo','Kakdi singdana salad'))
G90: 90 | H90: alu | I90: Kakdi singdana salad | J90: Boiled alu | K90: 5 | L90: kg | R90: =VLOOKUP(J90,ingredient!$N$4:$O$553,2,0) -> alu | U90: =I90 -> Kakdi singdana salad | V90: =VLOOKUP(U90,recipe_ingred_list!$A$2:$B$300,2,0) -> 92 | W90: ="/recipes/"&VLOOKUP(U90,recipe_ingred_list!$A$2:$C$300,3,0)&"/detail/" -> /recipes/kakdi-singdana-salad/detail/ | X90: =J90 -> Boiled alu | Y90: =R90 -> alu | Z90: =VLOOKUP(Y90,recipe_ingred_list!$D$2:$E$500,2,0) -> 8 | AA90: =K90 -> 5 | AB90: =L90 -> kg | AC90: =VLOOKUP(AB90,recipe_ingred_list!$K$2:$M$7,3,0) -> 2 | AD90: =M90 -> 0 | AE90: =N90 -> 0 | AF90: =VLOOKUP(AE90,recipe_ingred_list!$K$16:$M$25,3,0) -> 1 | AG90: =O90 -> 0 | AH90: =P90 -> 0 | AI90: =VLOOKUP(AH90,recipe_ingred_list!$K$29:$M$34,3,0) -> 3 | AJ90: =IF(Q90="","",Q90) | AK90: =AK89+1 -> 90 | AL90: =Y90 -> alu | AM90: ="a = Client().post('"&W90&"', {'recipe' : '"&V90&"', 'ingredient' : '"&Z90&"', 'name' : '"&X90&"', 'mass_unit' : '"&AC90&"', 'mass_quantity' : '"&ROUND(AA90,3)&"', 'volume_unit' : '"&AF90&"', 'volume_quantity' : '"&ROUND(AD90,3)&"', 'pieces_unit' : '"&AI90&"', 'pieces_quantity' : '"&ROUND(AG90,3)&"', 'cooking_notes' : '"&AJ90&"'}).status_code; print('%s :: %s :: %s :: %s :: %s' %(a,"&G90&",'"&X90&"','"&Y90&"','"&U90&"'))" -> a = Client().post('/recipes/kakdi-singdana-salad/detail/', {'recipe' : '92', 'ingredient' : '8', 'name' : 'Boiled alu', 'mass_unit' : '2', 'mass_quantity' : '5', 'volume_unit' : '1', 'volume_quantity' : '0', 'pieces_unit' : '3', 'pieces_quantity' : '0', 'cooking_notes' : ''}).status_code; print('%s :: %s :: %s :: %s :: %s' %(a,90,'Boiled alu','alu','Kakdi singdana salad'))
G91: 91 | H91: YIELD | I91: Kakdi singdana salad | J91: YIELD | M91: 1.14 | N91: tub | R91: =VLOOKUP(J91,ingredient!$N$4:$O$553,2,0) -> #N/A | U91: =I91 -> Kakdi singdana salad | V91: =VLOOKUP(U91,recipe_ingred_list!$A$2:$B$300,2,0) -> 92 | W91: ="/recipes/"&VLOOKUP(U91,recipe_ingred_list!$A$2:$C$300,3,0)&"/detail/" -> /recipes/kakdi-singdana-salad/detail/ | X91: =J91 -> YIELD | Y91: =R91 -> #N/A | Z91: =VLOOKUP(Y91,recipe_ingred_list!$D$2:$E$500,2,0) -> #N/A | AA91: =K91 -> 0 | AB91: =L91 -> 0 | AC91: =VLOOKUP(AB91,recipe_ingred_list!$K$2:$M$7,3,0) -> 2 | AD91: =M91 -> 1.14 | AE91: =N91 -> tub | AF91: =VLOOKUP(AE91,recipe_ingred_list!$K$16:$M$25,3,0) -> 4 | AG91: =O91 -> 0 | AH91: =P91 -> 0 | AI91: =VLOOKUP(AH91,recipe_ingred_list!$K$29:$M$34,3,0) -> 3 | AJ91: =IF(Q91="","",Q91) | AK91: =AK90+1 -> 91 | AL91: =Y91 -> #N/A | AM91: ="a = Client().post('"&W91&"', {'recipe' : '"&V91&"', 'ingredient' : '"&Z91&"', 'name' : '"&X91&"', 'mass_unit' : '"&AC91&"', 'mass_quantity' : '"&ROUND(AA91,3)&"', 'volume_unit' : '"&AF91&"', 'volume_quantity' : '"&ROUND(AD91,3)&"', 'pieces_unit' : '"&AI91&"', 'pieces_quantity' : '"&ROUND(AG91,3)&"', 'cooking_notes' : '"&AJ91&"'}).status_code; print('%s :: %s :: %s :: %s :: %s' %(a,"&G91&",'"&X91&"','"&Y91&"','"&U91&"'))" -> #N/A
G92: 92 | H92: YIELD | I92: Kakdi singdana salad | J92: YIELD | M92: 40 | N92: ltr | R92: =VLOOKUP(J92,ingredient!$N$4:$O$553,2,0) -> #N/A | U92: =I92 -> Kakdi singdana salad | V92: =VLOOKUP(U92,recipe_ingred_list!$A$2:$B$300,2,0) -> 92 | W92: ="/recipes/"&VLOOKUP(U92,recipe_ingred_list!$A$2:$C$300,3,0)&"/detail/" -> /recipes/kakdi-singdana-salad/detail/ | X92: =J92 -> YIELD | Y92: =R92 -> #N/A | Z92: =VLOOKUP(Y92,recipe_ingred_list!$D$2:$E$500,2,0) -> #N/A | AA92: =K92 -> 0 | AB92: =L92 -> 0 | AC92: =VLOOKUP(AB92,recipe_ingred_list!$K$2:$M$7,3,0) -> 2 | AD92: =M92 -> 40 | AE92: =N92 -> ltr | AF92: =VLOOKUP(AE92,recipe_ingred_list!$K$16:$M$25,3,0) -> 1 | AG92: =O92 -> 0 | AH92: =P92 -> 0 | AI92: =VLOOKUP(AH92,recipe_ingred_list!$K$29:$M$34,3,0) -> 3 | AJ92: =IF(Q92="","",Q92) | AK92: =AK91+1 -> 92 | AL92: =Y92 -> #N/A | AM92: ="a = Client().post('"&W92&"', {'recipe' : '"&V92&"', 'ingredient' : '"&Z92&"', 'name' : '"&X92&"', 'mass_unit' : '"&AC92&"', 'mass_quantity' : '"&ROUND(AA92,3)&"', 'volume_unit' : '"&AF92&"', 'volume_quantity' : '"&ROUND(AD92,3)&"', 'pieces_unit' : '"&AI92&"', 'pieces_quantity' : '"&ROUND(AG92,3)&"', 'cooking_notes' : '"&AJ92&"'}).status_code; print('%s :: %s :: %s :: %s :: %s' %(a,"&G92&",'"&X92&"','"&Y92&"','"&U92&"'))" -> #N/A
G93: 93 | H93: Coal | I93: Kakdi singdana salad | J93: Coal for smoke flavor | K93: 0.5 | L93: kg | R93: =VLOOKUP(J93,ingredient!$N$4:$O$553,2,0) -> coal | U93: =I93 -> Kakdi singdana salad | V93: =VLOOKUP(U93,recipe_ingred_list!$A$2:$B$300,2,0) -> 92 | W93: ="/recipes/"&VLOOKUP(U93,recipe_ingred_list!$A$2:$C$300,3,0)&"/detail/" -> /recipes/kakdi-singdana-salad/detail/ | X93: =J93 -> Coal for smoke flavor | Y93: =R93 -> coal | Z93: =VLOOKUP(Y93,recipe_ingred_list!$D$2:$E$500,2,0) -> 219 | AA93: =K93 -> 0.5 | AB93: =L93 -> kg | AC93: =VLOOKUP(AB93,recipe_ingred_list!$K$2:$M$7,3,0) -> 2 | AD93: =M93 -> 0 | AE93: =N93 -> 0 | AF93: =VLOOKUP(AE93,recipe_ingred_list!$K$16:$M$25,3,0) -> 1 | AG93: =O93 -> 0 | AH93: =P93 -> 0 | AI93: =VLOOKUP(AH93,recipe_ingred_list!$K$29:$M$34,3,0) -> 3 | AJ93: =IF(Q93="","",Q93) | AK93: =AK92+1 -> 93 | AL93: =Y93 -> coal | AM93: ="a = Client().post('"&W93&"', {'recipe' : '"&V93&"', 'ingredient' : '"&Z93&"', 'name' : '"&X93&"', 'mass_unit' : '"&AC93&"', 'mass_quantity' : '"&ROUND(AA93,3)&"', 'volume_unit' : '"&AF93&"', 'volume_quantity' : '"&ROUND(AD93,3)&"', 'pieces_unit' : '"&AI93&"', 'pieces_quantity' : '"&ROUND(AG93,3)&"', 'cooking_notes' : '"&AJ93&"'}).status_code; print('%s :: %s :: %s :: %s :: %s' %(a,"&G93&",'"&X93&"','"&Y93&"','"&U93&"'))" -> a = Client().post('/recipes/kakdi-singdana-salad/detail/', {'recipe' : '92', 'ingredient' : '219', 'name' : 'Coal for smoke flavor', 'mass_unit' : '2', 'mass_quantity' : '0.5', 'volume_unit' : '1', 'volume_quantity' : '0', 'pieces_unit' : '3', 'pieces_quantity' : '0', 'cooking_notes' : ''}).status_code; print('%s :: %s :: %s :: %s :: %s' %(a,93,'Coal for smoke flavor','coal','Kakdi singdana salad'))
G94: 94 | R94: =VLOOKUP(J94,ingredient!$N$4:$O$553,2,0) -> #N/A | U94: =I94 -> 0 | V94: =VLOOKUP(U94,recipe_ingred_list!$A$2:$B$300,2,0) -> #N/A | W94: ="/recipes/"&VLOOKUP(U94,recipe_ingred_list!$A$2:$C$300,3,0)&"/detail/" -> #N/A | X94: =J94 -> 0 | Y94: =R94 -> #N/A | Z94: =VLOOKUP(Y94,recipe_ingred_list!$D$2:$E$500,2,0) -> #N/A | AA94: =K94 -> 0 | AB94: =L94 -> 0 | AC94: =VLOOKUP(AB94,recipe_ingred_list!$K$2:$M$7,3,0) -> 2 | AD94: =M94 -> 0 | AE94: =N94 -> 0 | AF94: =VLOOKUP(AE94,recipe_ingred_list!$K$16:$M$25,3,0) -> 1 | AG94: =O94 -> 0 | AH94: =P94 -> 0 | AI94: =VLOOKUP(AH94,recipe_ingred_list!$K$29:$M$34,3,0) -> 3 | AJ94: =IF(Q94="","",Q94) | AK94: =AK93+1 -> 94 | AL94: =Y94 -> #N/A | AM94: ="a = Client().post('"&W94&"', {'recipe' : '"&V94&"', 'ingredient' : '"&Z94&"', 'name' : '"&X94&"', 'mass_unit' : '"&AC94&"', 'mass_quantity' : '"&ROUND(AA94,3)&"', 'volume_unit' : '"&AF94&"', 'volume_quantity' : '"&ROUND(AD94,3)&"', 'pieces_unit' : '"&AI94&"', 'pieces_quantity' : '"&ROUND(AG94,3)&"', 'cooking_notes' : '"&AJ94&"'}).status_code; print('%s :: %s :: %s :: %s :: %s' %(a,"&G94&",'"&X94&"','"&Y94&"','"&U94&"'))" -> #N/A
G95: 95 | H95: oil for frying | I95: Potato chips | J95: oil for frying | K95: 0 | L95: kg | R95: =VLOOKUP(J95,ingredient!$N$4:$O$553,2,0) -> gound nut oil | U95: =I95 -> Potato chips | V95: =VLOOKUP(U95,recipe_ingred_list!$A$2:$B$300,2,0) -> 93 | W95: ="/recipes/"&VLOOKUP(U95,recipe_ingred_list!$A$2:$C$300,3,0)&"/detail/" -> /recipes/potato-chips/detail/ | X95: =J95 -> oil for frying | Y95: =R95 -> gound nut oil | Z95: =VLOOKUP(Y95,recipe_ingred_list!$D$2:$E$500,2,0) -> 83 | AA95: =K95 -> 0 | AB95: =L95 -> kg | AC95: =VLOOKUP(AB95,recipe_ingred_list!$K$2:$M$7,3,0) -> 2 | AD95: =M95 -> 0 | AE95: =N95 -> 0 | AF95: =VLOOKUP(AE95,recipe_ingred_list!$K$16:$M$25,3,0) -> 1 | AG95: =O95 -> 0 | AH95: =P95 -> 0 | AI95: =VLOOKUP(AH95,recipe_ingred_list!$K$29:$M$34,3,0) -> 3 | AJ95: =IF(Q95="","",Q95) | AK95: =AK94+1 -> 95 | AL95: =Y95 -> gound nut oil | AM95: ="a = Client().post('"&W95&"', {'recipe' : '"&V95&"', 'ingredient' : '"&Z95&"', 'name' : '"&X95&"', 'mass_unit' : '"&AC95&"', 'mass_quantity' : '"&ROUND(AA95,3)&"', 'volume_unit' : '"&AF95&"', 'volume_quantity' : '"&ROUND(AD95,3)&"', 'pieces_unit' : '"&AI95&"', 'pieces_quantity' : '"&ROUND(AG95,3)&"', 'cooking_notes' : '"&AJ95&"'}).status_code; print('%s :: %s :: %s :: %s :: %s' %(a,"&G95&",'"&X95&"','"&Y95&"','"&U95&"'))" -> a = Client().post('/recipes/potato-chips/detail/', {'recipe' : '93', 'ingredient' : '83', 'name' : 'oil for frying', 'mass_unit' : '2', 'mass_quantity' : '0', 'volume_unit' : '1', 'volume_quantity' : '0', 'pieces_unit' : '3', 'pieces_quantity' : '0', 'cooking_notes' : ''}).status_code; print('%s :: %s :: %s :: %s :: %s' %(a,95,'oil for frying','gound nut oil','Potato chips'))
G96: 96 | H96: Potato Chips | I96: Potato chips | J96: Potato Chips | K96: 4 | L96: kg | R96: =VLOOKUP(J96,ingredient!$N$4:$O$553,2,0) -> potato chips | U96: =I96 -> Potato chips | V96: =VLOOKUP(U96,recipe_ingred_list!$A$2:$B$300,2,0) -> 93 | W96: ="/recipes/"&VLOOKUP(U96,recipe_ingred_list!$A$2:$C$300,3,0)&"/detail/" -> /recipes/potato-chips/detail/ | X96: =J96 -> Potato Chips | Y96: =R96 -> potato chips | Z96: =VLOOKUP(Y96,recipe_ingred_list!$D$2:$E$500,2,0) -> 220 | AA96: =K96 -> 4 | AB96: =L96 -> kg | AC96: =VLOOKUP(AB96,recipe_ingred_list!$K$2:$M$7,3,0) -> 2 | AD96: =M96 -> 0 | AE96: =N96 -> 0 | AF96: =VLOOKUP(AE96,recipe_ingred_list!$K$16:$M$25,3,0) -> 1 | AG96: =O96 -> 0 | AH96: =P96 -> 0 | AI96: =VLOOKUP(AH96,recipe_ingred_list!$K$29:$M$34,3,0) -> 3 | AJ96: =IF(Q96="","",Q96) | AK96: =AK95+1 -> 96 | AL96: =Y96 -> potato chips | AM96: ="a = Client().post('"&W96&"', {'recipe' : '"&V96&"', 'ingredient' : '"&Z96&"', 'name' : '"&X96&"', 'mass_unit' : '"&AC96&"', 'mass_quantity' : '"&ROUND(AA96,3)&"', 'volume_unit' : '"&AF96&"', 'volume_quantity' : '"&ROUND(AD96,3)&"', 'pieces_unit' : '"&AI96&"', 'pieces_quantity' : '"&ROUND(AG96,3)&"', 'cooking_notes' : '"&AJ96&"'}).status_code; print('%s :: %s :: %s :: %s :: %s' %(a,"&G96&",'"&X96&"','"&Y96&"','"&U96&"'))" -> a = Client().post('/recipes/potato-chips/detail/', {'recipe' : '93', 'ingredient' : '220', 'name' : 'Potato Chips', 'mass_unit' : '2', 'mass_quantity' : '4', 'volume_unit' : '1', 'volume_quantity' : '0', 'pieces_unit' : '3', 'pieces_quantity' : '0', 'cooking_notes' : ''}).status_code; print('%s :: %s :: %s :: %s :: %s' %(a,96,'Potato Chips','potato chips','Potato chips'))
G97: 97 | H97: black pepper pwd | I97: Potato chips | J97: black pepper powder | M97: 0.5 | N97: cup | R97: =VLOOKUP(J97,ingredient!$N$4:$O$553,2,0) -> black pepper | U97: =I97 -> Potato chips | V97: =VLOOKUP(U97,recipe_ingred_list!$A$2:$B$300,2,0) -> 93 | W97: ="/recipes/"&VLOOKUP(U97,recipe_ingred_list!$A$2:$C$300,3,0)&"/detail/" -> /recipes/potato-chips/detail/ | X97: =J97 -> black pepper powder | Y97: =R97 -> black pepper | Z97: =VLOOKUP(Y97,recipe_ingred_list!$D$2:$E$500,2,0) -> 31 | AA97: =K97 -> 0 | AB97: =L97 -> 0 | AC97: =VLOOKUP(AB97,recipe_ingred_list!$K$2:$M$7,3,0) -> 2 | AD97: =M97 -> 0.5 | AE97: =N97 -> cup | AF97: =VLOOKUP(AE97,recipe_ingred_list!$K$16:$M$25,3,0) -> 5 | AG97: =O97 -> 0 | AH97: =P97 -> 0 | AI97: =VLOOKUP(AH97,recipe_ingred_list!$K$29:$M$34,3,0) -> 3 | AJ97: =IF(Q97="","",Q97) | AK97: =AK96+1 -> 97 | AL97: =Y97 -> black pepper | AM97: ="a = Client().post('"&W97&"', {'recipe' : '"&V97&"', 'ingredient' : '"&Z97&"', 'name' : '"&X97&"', 'mass_unit' : '"&AC97&"', 'mass_quantity' : '"&ROUND(AA97,3)&"', 'volume_unit' : '"&AF97&"', 'volume_quantity' : '"&ROUND(AD97,3)&"', 'pieces_unit' : '"&AI97&"', 'pieces_quantity' : '"&ROUND(AG97,3)&"', 'cooking_notes' : '"&AJ97&"'}).status_code; print('%s :: %s :: %s :: %s :: %s' %(a,"&G97&",'"&X97&"','"&Y97&"','"&U97&"'))" -> a = Client().post('/recipes/potato-chips/detail/', {'recipe' : '93', 'ingredient' : '31', 'name' : 'black pepper powder', 'mass_unit' : '2', 'mass_quantity' : '0', 'volume_unit' : '5', 'volume_quantity' : '0.5', 'pieces_unit' : '3', 'pieces_quantity' : '0', 'cooking_notes' : ''}).status_code; print('%s :: %s :: %s :: %s :: %s' %(a,97,'black pepper powder','black pepper','Potato chips'))
G98: 98 | H98: Black Salt | I98: Potato chips | J98: black salt powder | M98: 0.5 | N98: cup | R98: =VLOOKUP(J98,ingredient!$N$4:$O$553,2,0) -> black salt | U98: =I98 -> Potato chips | V98: =VLOOKUP(U98,recipe_ingred_list!$A$2:$B$300,2,0) -> 93 | W98: ="/recipes/"&VLOOKUP(U98,recipe_ingred_list!$A$2:$C$300,3,0)&"/detail/" -> /recipes/potato-chips/detail/ | X98: =J98 -> black salt powder | Y98: =R98 -> black salt | Z98: =VLOOKUP(Y98,recipe_ingred_list!$D$2:$E$500,2,0) -> 32 | AA98: =K98 -> 0 | AB98: =L98 -> 0 | AC98: =VLOOKUP(AB98,recipe_ingred_list!$K$2:$M$7,3,0) -> 2 | AD98: =M98 -> 0.5 | AE98: =N98 -> cup | AF98: =VLOOKUP(AE98,recipe_ingred_list!$K$16:$M$25,3,0) -> 5 | AG98: =O98 -> 0 | AH98: =P98 -> 0 | AI98: =VLOOKUP(AH98,recipe_ingred_list!$K$29:$M$34,3,0) -> 3 | AJ98: =IF(Q98="","",Q98) | AK98: =AK97+1 -> 98 | AL98: =Y98 -> black salt | AM98: ="a = Client().post('"&W98&"', {'recipe' : '"&V98&"', 'ingredient' : '"&Z98&"', 'name' : '"&X98&"', 'mass_unit' : '"&AC98&"', 'mass_quantity' : '"&ROUND(AA98,3)&"', 'volume_unit' : '"&AF98&"', 'volume_quantity' : '"&ROUND(AD98,3)&"', 'pieces_unit' : '"&AI98&"', 'pieces_quantity' : '"&ROUND(AG98,3)&"', 'cooking_notes' : '"&AJ98&"'}).status_code; print('%s :: %s :: %s :: %s :: %s' %(a,"&G98&",'"&X98&"','"&Y98&"','"&U98&"'))" -> a = Client().post('/recipes/potato-chips/detail/', {'recipe' : '93', 'ingredient' : '32', 'name' : 'black salt powder', 'mass_unit' : '2', 'mass_quantity' : '0', 'volume_unit' : '5', 'volume_quantity' : '0.5', 'pieces_unit' : '3', 'pieces_quantity' : '0', 'cooking_notes' : ''}).status_code; print('%s :: %s :: %s :: %s :: %s' %(a,98,'black salt powder','black salt','Potato chips'))
G99: 99 | H99: salt | I99: Potato chips | J99: salt | M99: 0.5 | N99: cup | R99: =VLOOKUP(J99,ingredient!$N$4:$O$553,2,0) -> salt | U99: =I99 -> Potato chips | V99: =VLOOKUP(U99,recipe_ingred_list!$A$2:$B$300,2,0) -> 93 | W99: ="/recipes/"&VLOOKUP(U99,recipe_ingred_list!$A$2:$C$300,3,0)&"/detail/" -> /recipes/potato-chips/detail/ | X99: =J99 -> salt | Y99: =R99 -> salt | Z99: =VLOOKUP(Y99,recipe_ingred_list!$D$2:$E$500,2,0) -> 177 | AA99: =K99 -> 0 | AB99: =L99 -> 0 | AC99: =VLOOKUP(AB99,recipe_ingred_list!$K$2:$M$7,3,0) -> 2 | AD99: =M99 -> 0.5 | AE99: =N99 -> cup | AF99: =VLOOKUP(AE99,recipe_ingred_list!$K$16:$M$25,3,0) -> 5 | AG99: =O99 -> 0 | AH99: =P99 -> 0 | AI99: =VLOOKUP(AH99,recipe_ingred_list!$K$29:$M$34,3,0) -> 3 | AJ99: =IF(Q99="","",Q99) | AK99: =AK98+1 -> 99 | AL99: =Y99 -> salt | AM99: ="a = Client().post('"&W99&"', {'recipe' : '"&V99&"', 'ingredient' : '"&Z99&"', 'name' : '"&X99&"', 'mass_unit' : '"&AC99&"', 'mass_quantity' : '"&ROUND(AA99,3)&"', 'volume_unit' : '"&AF99&"', 'volume_quantity' : '"&ROUND(AD99,3)&"', 'pieces_unit' : '"&AI99&"', 'pieces_quantity' : '"&ROUND(AG99,3)&"', 'cooking_notes' : '"&AJ99&"'}).status_code; print('%s :: %s :: %s :: %s :: %s' %(a,"&G99&",'"&X99&"','"&Y99&"','"&U99&"'))" -> a = Client().post('/recipes/potato-chips/detail/', {'recipe' : '93', 'ingredient' : '177', 'name' : 'salt', 'mass_unit' : '2', 'mass_quantity' : '0', 'volume_unit' : '5', 'volume_quantity' : '0.5', 'pieces_unit' : '3', 'pieces_quantity' : '0', 'cooking_notes' : ''}).status_code; print('%s :: %s :: %s :: %s :: %s' %(a,99,'salt','salt','Potato chips'))
G100: 100 | H100: Expected Yield | J100: Expected Yield | M100: 1 | N100: tub | R100: =VLOOKUP(J100,ingredient!$N$4:$O$553,2,0) -> #N/A | U100: =I100 -> 0 | V100: =VLOOKUP(U100,recipe_ingred_list!$A$2:$B$300,2,0) -> #N/A | W100: ="/recipes/"&VLOOKUP(U100,recipe_ingred_list!$A$2:$C$300,3,0)&"/detail/" -> #N/A | X100: =J100 -> Expected Yield | Y100: =R100 -> #N/A | Z100: =VLOOKUP(Y100,recipe_ingred_list!$D$2:$E$500,2,0) -> #N/A | AA100: =K100 -> 0 | AB100: =L100 -> 0 | AC100: =VLOOKUP(AB100,recipe_ingred_list!$K$2:$M$7,3,0) -> 2 | AD100: =M100 -> 1 | AE100: =N100 -> tub | AF100: =VLOOKUP(AE100,recipe_ingred_list!$K$16:$M$25,3,0) -> 4 | AG100: =O100 -> 0 | AH100: =P100 -> 0 | AI100: =VLOOKUP(AH100,recipe_ingred_list!$K$29:$M$34,3,0) -> 3 | AJ100: =IF(Q100="","",Q100) | AK100: =AK99+1 -> 100 | AL100: =Y100 -> #N/A | AM100: ="a = Client().post('"&W100&"', {'recipe' : '"&V100&"', 'ingredient' : '"&Z100&"', 'name' : '"&X100&"', 'mass_unit' : '"&AC100&"', 'mass_quantity' : '"&ROUND(AA100,3)&"', 'volume_unit' : '"&AF100&"', 'volume_quantity' : '"&ROUND(AD100,3)&"', 'pieces_unit' : '"&AI100&"', 'pieces_quantity' : '"&ROUND(AG100,3)&"', 'cooking_notes' : '"&AJ100&"'}).status_code; print('%s :: %s :: %s :: %s :: %s' %(a,"&G100&",'"&X100&"','"&Y100&"','"&U100&"'))" -> #N/A
...

Sheet database_recipe_positinos
A1: 1757 | B1: "1757" | C1: "Varai rice" | D1: ="obj = RecipePosition.objects.get(id="&A1&"),obj.sequence_number = "&E1&";obj.save()" -> obj = RecipePosition.objects.get(id=1757),obj.sequence_number = 0;obj.save() | E1: 0 | F1: "varai-khichdi-varai" | G1: "2017-05-23 06:59:44.813819" | H1: "2017-05-23 06:59:44.813859" | I1: "201" | J1: "1" | K1: "" | L1: "3.42" | M1: "2" | N1: "0" | O1: "3" | P1: "kg" | Q1: "0" | R1: "1" | S1: "0"
A2: 1758 | B2: "1758" | C2: "Bhopla" | E2: =IF(J1=J2,E1+10,0) -> 10 | F2: "varai-khichdi-bhopla" | G2: "2017-05-23 06:59:45.170117" | H2: "2017-05-23 06:59:45.170156" | I2: "30" | J2: "1" | K2: "" | L2: "2.917" | M2: "2" | N2: "0" | O2: "3" | P2: "kg" | Q2: "0" | R2: "1" | S2: "0"
A3: 1759 | B3: "1759" | C3: "Dudhi" | E3: =IF(J2=J3,E2+10,0) -> 20 | F3: "varai-khichdi-dudhi" | G3: "2017-05-23 06:59:45.270656" | H3: "2017-05-23 06:59:45.270713" | I3: "69" | J3: "1" | K3: "" | L3: "2.917" | M3: "2" | N3: "0" | O3: "3" | P3: "kg" | Q3: "0" | R3: "1" | S3: "0"
A4: 1760 | B4: "1760" | C4: "Alu" | E4: =IF(J3=J4,E3+10,0) -> 30 | F4: "varai-khichdi-alu" | G4: "2017-05-23 06:59:45.395484" | H4: "2017-05-23 06:59:45.395522" | I4: "8" | J4: "1" | K4: "" | L4: "1.25" | M4: "2" | N4: "0" | O4: "3" | P4: "kg" | Q4: "0" | R4: "1" | S4: "0"
A5: 1761 | B5: "1761" | C5: "Gajar" | E5: =IF(J4=J5,E4+10,0) -> 40 | F5: "varai-khichdi-gajar" | G5: "2017-05-23 06:59:45.524903" | H5: "2017-05-23 06:59:45.524945" | I5: "79" | J5: "1" | K5: "" | L5: "1.25" | M5: "2" | N5: "0" | O5: "3" | P5: "kg" | Q5: "0" | R5: "1" | S5: "0"
A6: 1762 | B6: "1762" | C6: "Groundnut Oil" | E6: =IF(J5=J6,E5+10,0) -> 50 | F6: "varai-khichdi-ground-nut-oil" | G6: "2017-05-23 06:59:45.662732" | H6: "2017-05-23 06:59:45.662770" | I6: "89" | J6: "1" | K6: "" | L6: "0" | M6: "2" | N6: "0" | O6: "3" | P6: "kg" | Q6: "1" | R6: "1" | S6: "0"
A7: 1763 | B7: "1763" | C7: "Jeera" | E7: =IF(J6=J7,E6+10,0) -> 60 | F7: "varai-khichdi-jeera" | G7: "2017-05-23 06:59:45.788590" | H7: "2017-05-23 06:59:45.788630" | I7: "102" | J7: "1" | K7: "" | L7: "0" | M7: "2" | N7: "0" | O7: "3" | P7: "kg" | Q7: "0.167" | R7: "1" | S7: "0"
A8: 1764 | B8: "1764" | C8: "Hari mirchi split in 2" | E8: =IF(J7=J8,E7+10,0) -> 70 | F8: "varai-khichdi-hari-mirchi" | G8: "2017-05-23 06:59:45.918483" | H8: "2017-05-23 06:59:45.918536" | I8: "93" | J8: "1" | K8: "" | L8: "0" | M8: "2" | N8: "0" | O8: "3" | P8: "kg" | Q8: "0.167" | R8: "1" | S8: "0"
A9: 1765 | B9: "1765" | C9: "Madrasi Mirchi" | E9: =IF(J8=J9,E8+10,0) -> 80 | F9: "varai-khichdi-madrasi-mirchi-powder" | G9: "2017-05-23 06:59:46.084946" | H9: "2017-05-23 06:59:46.084988" | I9: "135" | J9: "1" | K9: "" | L9: "0" | M9: "2" | N9: "0" | O9: "3" | P9: "kg" | Q9: "0.167" | R9: "1" | S9: "0"
A10: 1766 | B10: "1766" | C10: "Kadi Patta" | E10: =IF(J9=J10,E9+10,0) -> 90 | F10: "varai-khichdi-kadi-patta" | G10: "2017-05-23 06:59:46.255054" | H10: "2017-05-23 06:59:46.255205" | I10: "105" | J10: "1" | K10: "" | L10: "0" | M10: "2" | N10: "0" | O10: "3" | P10: "kg" | Q10: "1" | R10: "1" | S10: "0"
A11: 1767 | B11: "1767" | C11: "Adrak paste" | E11: =IF(J10=J11,E10+10,0) -> 100 | F11: "varai-khichdi-adrak" | G11: "2017-05-23 06:59:46.390692" | H11: "2017-05-23 06:59:46.390728" | I11: "1" | J11: "1" | K11: "" | L11: "0" | M11: "2" | N11: "0" | O11: "3" | P11: "kg" | Q11: "0.208" | R11: "1" | S11: "0"
A12: 1768 | B12: "1768" | C12: "Kashmiri Mirchi Powder" | E12: =IF(J11=J12,E11+10,0) -> 110 | F12: "varai-khichdi-kashmiri-chilly-powder" | G12: "2017-05-23 06:59:46.521973" | H12: "2017-05-23 06:59:46.522017" | I12: "117" | J12: "1" | K12: "" | L12: "0" | M12: "2" | N12: "0" | O12: "3" | P12: "kg" | Q12: "0.208" | R12: "5" | S12: "0"
A13: 1769 | B13: "1769" | C13: "Tomato" | E13: =IF(J12=J13,E12+10,0) -> 120 | F13: "varai-khichdi-tomato" | G13: "2017-05-23 06:59:46.655900" | H13: "2017-05-23 06:59:46.655939" | I13: "195" | J13: "1" | K13: "" | L13: "3" | M13: "2" | N13: "0" | O13: "3" | P13: "kg" | Q13: "0" | R13: "1" | S13: "0"
... A1165: 2921 | B1165: "2921" | C1165: "SALT" | E1165: =IF(J1164=J1165,E1164+10,0) -> 100 | F1165: "nityanand-italian-fried-rice-salt" | G1165: "2017-05-23 07:06:23.983447" | H1165: "2017-05-23 07:06:23.983489" | I1165: "177" | J1165: "51" | K1165: "" | L1165: "0" | M1165: "2" | N1165: "0" | O1165: "3" | P1165: "kg" | Q1165: "1.5" | R1165: "5" | S1165: "0"

Sheet not entered
A1: from django.test import Client
A2: 7 | C2: a = Client().post('/recipes/varai-khichdi/detail/', {'recipe' : '1', 'ingredient' : '201', 'name' : 'Varai rice', 'mass_unit' : '2', 'mass_quantity' : '3.42', 'volume_unit' : '', 'volume_quantity' : '0', 'pieces_unit' : '', 'pieces_quantity' : '0', 'cooking_notes' : ''}).status_code; print('%s :: %s :: %s :: %s :: %s' %(a,7,'Varai rice','varai','Varai Khichdi'))
A3: 8 | C3: a = Client().post('/recipes/varai-khichdi/detail/', {'recipe' : '1', 'ingredient' : '30', 'name' : 'Bhopla', 'mass_unit' : '2', 'mass_quantity' : '2.917', 'volume_unit' : '', 'volume_quantity' : '0', 'pieces_unit' : '', 'pieces_quantity' : '0', 'cooking_notes' : ''}).status_code; print('%s :: %s :: %s :: %s :: %s' %(a,8,'Bhopla','bhopla','Varai Khichdi'))
A4: 9 | C4: a = Client().post('/recipes/varai-khichdi/detail/', {'recipe' : '1', 'ingredient' : '69', 'name' : 'Dudhi', 'mass_unit' : '2', 'mass_quantity' : '2.917', 'volume_unit' : '', 'volume_quantity' : '0', 'pieces_unit' : '', 'pieces_quantity' : '0', 'cooking_notes' : ''}).status_code; print('%s :: %s :: %s :: %s :: %s' %(a,9,'Dudhi','dudhi','Varai Khichdi'))
A5: 10 | C5: a = Client().post('/recipes/varai-khichdi/detail/', {'recipe' : '1', 'ingredient' : '8', 'name' : 'Alu', 'mass_unit' : '2', 'mass_quantity' : '1.25', 'volume_unit' : '', 'volume_quantity' : '0', 'pieces_unit' : '', 'pieces_quantity' : '0', 'cooking_notes' : ''}).status_code; print('%s :: %s :: %s :: %s :: %s' %(a,10,'Alu','alu','Varai Khichdi'))
A6: 11 | C6: a = Client().post('/recipes/varai-khichdi/detail/', {'recipe' : '1', 'ingredient' : '79', 'name' : 'Gajar', 'mass_unit' : '2', 'mass_quantity' : '1.25', 'volume_unit' : '', 'volume_quantity' : '0', 'pieces_unit' : '', 'pieces_quantity' : '0', 'cooking_notes' : ''}).status_code; print('%s :: %s :: %s :: %s :: %s' %(a,11,'Gajar','gajar','Varai Khichdi'))
A7: 12 | C7: a = Client().post('/recipes/varai-khichdi/detail/', {'recipe' : '1', 'ingredient' : '89', 'name' : 'Groundnut Oil', 'mass_unit' : '', 'mass_quantity' : '0', 'volume_unit' : '1', 'volume_quantity' : '1', 'pieces_unit' : '', 'pieces_quantity' : '0', 'cooking_notes' : ''}).status_code; print('%s :: %s :: %s :: %s :: %s' %(a,12,'Groundnut Oil','ground nut oil','Varai Khichdi'))
A8: 13 | C8: a = Client().post('/recipes/varai-khichdi/detail/', {'recipe' : '1', 'ingredient' : '102', 'name' : 'Jeera', 'mass_unit' : '', 'mass_quantity' : '0', 'volume_unit' : '1', 'volume_quantity' : '0.167', 'pieces_unit' : '', 'pieces_quantity' : '0', 'cooking_notes' : ''}).status_code; print('%s :: %s :: %s :: %s :: %s' %(a,13,'Jeera','jeera','Varai Khichdi'))
A9: 14 | C9: a = Client().post('/recipes/varai-khichdi/detail/', {'recipe' : '1', 'ingredient' : '93', 'name' : 'Hari mirchi split in 2', 'mass_unit' : '', 'mass_quantity' : '0', 'volume_unit' : '1', 'volume_quantity' : '0.167', 'pieces_unit' : '', 'pieces_quantity' : '0', 'cooking_notes' : ''}).status_code; print('%s :: %s :: %s :: %s :: %s' %(a,14,'Hari mirchi split in 2','hari mirchi','Varai Khichdi'))
A10: 15 | C10: a = Client().post('/recipes/varai-khichdi/detail/', {'recipe' : '1', 'ingredient' : '135', 'name' : 'Madrasi Mirchi', 'mass_unit' : '', 'mass_quantity' : '0', 'volume_unit' : '1', 'volume_quantity' : '0.167', 'pieces_unit' : '', 'pieces_quantity' : '0', 'cooking_notes' : ''}).status_code; print('%s :: %s :: %s :: %s :: %s' %(a,15,'Madrasi Mirchi','madrasi mirchi powder','Varai Khichdi'))
A11: 16 | C11: a = Client().post('/recipes/varai-khichdi/detail/', {'recipe' : '1', 'ingredient' : '105', 'name' : 'Kadi Patta', 'mass_unit' : '', 'mass_quantity' : '0', 'volume_unit' : '1', 'volume_quantity' : '1', 'pieces_unit' : '', 'pieces_quantity' : '0', 'cooking_notes' : ''}).status_code; print('%s :: %s :: %s :: %s :: %s' %(a,16,'Kadi Patta','kadi patta','Varai Khichdi'))
A12: 17 | C12: a = Client().post('/recipes/varai-khichdi/detail/', {'recipe' : '1', 'ingredient' : '1', 'name' : 'Adrak paste', 'mass_unit' : '', 'mass_quantity' : '0', 'volume_unit' : '1', 'volume_quantity' : '0.208', 'pieces_unit' : '', 'pieces_quantity' : '0', 'cooking_notes' : ''}).status_code; print('%s :: %s :: %s :: %s :: %s' %(a,17,'Adrak paste','adrak','Varai Khichdi'))
A13: 18 | C13: a = Client().post('/recipes/varai-khichdi/detail/', {'recipe' : '1', 'ingredient' : '117', 'name' : 'Kashmiri Mirchi Powder', 'mass_unit' : '', 'mass_quantity' : '0', 'volume_unit' : '5', 'volume_quantity' : '0.208', 'pieces_unit' : '', 'pieces_quantity' : '0', 'cooking_notes' : ''}).status_code; print('%s :: %s :: %s :: %s :: %s' %(a,18,'Kashmiri Mirchi Powder','kashmiri chilly powder','Varai Khichdi'))
... A1152: 1387 | C1152: a = Client().post('/recipes/nityanand-italian-fried-rice/detail/', {'recipe' : '51', 'ingredient' : '177', 'name' : 'SALT', 'mass_unit' : '', 'mass_quantity' : '0', 'volume_unit' : '5', 'volume_quantity' : '1.5', 'pieces_unit' : '', 'pieces_quantity' : '0', 'cooking_notes' : ''}).status_code; print('%s :: %s :: %s :: %s :: %s' %(a,1387,'SALT','salt','NITYANAND ITALIAN FRIED RICE'))
A1160: 200 | C1160: 64 | E1160: =VLOOKUP(C1160,$A$2:$C$1152,3,0) -> a = Client().post('/recipes/alu-flower-gravy-ekadashi/detail/', {'recipe' : '90', 'ingredient' : '78', 'name' : 'Flower', 'mass_unit' : '', 'mass_quantity' : '0', 'volume_unit' : '1', 'volume_quantity' : '11.667', 'pieces_unit' : '', 'pieces_quantity' : '0', 'cooking_notes' : '(deep fried)'}).status_code; print('%s :: %s :: %s :: %s :: %s' %(a,64,'Flower','flower','Alu Flower Gravy (Ekadashi)'))
A1161: 200 | C1161: 78 | E1161: =VLOOKUP(C1161,$A$2:$C$1152,3,0) -> a = Client().post('/recipes/alu-flower-gravy-ekadashi/detail/', {'recipe' : '90', 'ingredient' : '83', 'name' : 'Oil for frying', 'mass_unit' : '', 'mass_quantity' : '0', 'volume_unit' : '2', 'volume_quantity' : '0', 'pieces_unit' : '', 'pieces_quantity' : '0', 'cooking_notes' : ''}).status_code; print('%s :: %s :: %s :: %s :: %s' %(a,78,'Oil for frying','gound nut oil','Alu Flower Gravy (Ekadashi)'))
A1162: 200 | C1162: 122 | E1162: =VLOOKUP(C1162,$A$2:$C$1152,3,0) -> a = Client().post('/recipes/pav-bhaji-bhaji/detail/', {'recipe' : '60', 'ingredient' : '83', 'name' : 'Oil', 'mass_unit' : '1', 'mass_quantity' : '2.5', 'volume_unit' : '', 'volume_quantity' : '0', 'pieces_unit' : '', 'pieces_quantity' : '0', 'cooking_notes' : ''}).status_code; print('%s :: %s :: %s :: %s :: %s' %(a,122,'Oil','gound nut oil','Pav Bhaji Bhaji'))
A1163: 200 | C1163: 174 | E1163: =VLOOKUP(C1163,$A$2:$C$1152,3,0) -> a = Client().post('/recipes/jp-khichadi/detail/', {'recipe' : '35', 'ingredient' : '54', 'name' : 'Coconuts', 'mass_unit' : '', 'mass_quantity' : '0', 'volume_unit' : '3', 'volume_quantity' : '4', 'pieces_unit' : '', 'pieces_quantity' : '0', 'cooking_notes' : ''}).status_code; print('%s :: %s :: %s :: %s :: %s' %(a,174,'Coconuts','coconut','JP Khichadi'))
A1164: 200 | C1164: 250 | E1164: =VLOOKUP(C1164,$A$2:$C$1152,3,0) -> a = Client().post('/recipes/panchratna-dry/detail/', {'recipe' : '53', 'ingredient' : '83', 'name' : 'Oil', 'mass_unit' : '1', 'mass_quantity' : '1', 'volume_unit' : '', 'volume_quantity' : '0', 'pieces_unit' : '', 'pieces_quantity' : '0', 'cooking_notes' : ''}).status_code; print('%s :: %s :: %s :: %s :: %s' %(a,250,'Oil','gound nut oil','Panchratna Dry'))
A1165: 200 | C1165: 251 | E1165: =VLOOKUP(C1165,$A$2:$C$1152,3,0) -> a = Client().post('/recipes/panchratna-dry/detail/', {'recipe' : '53', 'ingredient' : '95', 'name' : 'Hing', 'mass_unit' : '5', 'mass_quantity' : '0.3', 'volume_unit' : '', 'volume_quantity' : '0', 'pieces_unit' : '', 'pieces_quantity' : '0', 'cooking_notes' : ''}).status_code; print('%s :: %s :: %s :: %s :: %s' %(a,251,'Hing','hing','Panchratna Dry'))
A1166: 200 | C1166: 252 | E1166: =VLOOKUP(C1166,$A$2:$C$1152,3,0) -> a = Client().post('/recipes/panchratna-dry/detail/', {'recipe' : '53', 'ingredient' : '93', 'name' : 'Hari mirchi', 'mass_unit' : '5', 'mass_quantity' : '1', 'volume_unit' : '', 'volume_quantity' : '0', 'pieces_unit' : '', 'pieces_quantity' : '0', 'cooking_notes' : 'fine chopped'}).status_code; print('%s :: %s :: %s :: %s :: %s' %(a,252,'Hari mirchi','hari mirchi','Panchratna Dry'))
A1167: 200 | C1167: 253 | E1167: =VLOOKUP(C1167,$A$2:$C$1152,3,0) -> a = Client().post('/recipes/panchratna-dry/detail/', {'recipe' : '53', 'ingredient' : '1', 'name' : 'Adrak paste', 'mass_unit' : '1', 'mass_quantity' : '0.5', 'volume_unit' : '', 'volume_quantity' : '0', 'pieces_unit' : '', 'pieces_quantity' : '0', 'cooking_notes' : ''}).status_code; print('%s :: %s :: %s :: %s :: %s' %(a,253,'Adrak paste','adrak','Panchratna Dry'))
A1168: 200 | C1168: 254 | E1168: =VLOOKUP(C1168,$A$2:$C$1152,3,0) -> a = Client().post('/recipes/panchratna-dry/detail/', {'recipe' : '53', 'ingredient' : '103', 'name' : 'Jeera powder', 'mass_unit' : '5', 'mass_quantity' : '0.75', 'volume_unit' : '', 'volume_quantity' : '0', 'pieces_unit' : '', 'pieces_quantity' : '0', 'cooking_notes' : ''}).status_code; print('%s :: %s :: %s :: %s :: %s' %(a,254,'Jeera powder','jeera powder','Panchratna Dry'))
A1169: 200 | C1169: 255 | E1169: =VLOOKUP(C1169,$A$2:$C$1152,3,0) -> a = Client().post('/recipes/panchratna-dry/detail/', {'recipe' : '53', 'ingredient' : '67', 'name' : 'Dhania powder', 'mass_unit' : '5', 'mass_quantity' : '1', 'volume_unit' : '', 'volume_quantity' : '0', 'pieces_unit' : '', 'pieces_quantity' : '0', 'cooking_notes' : ''}).status_code; print('%s :: %s :: %s :: %s :: %s' %(a,255,'Dhania powder','dhaniya powder','Panchratna Dry'))
A1170: 200 | C1170: 256 | E1170: =VLOOKUP(C1170,$A$2:$C$1152,3,0) -> a = Client().post('/recipes/panchratna-dry/detail/', {'recipe' : '53', 'ingredient' : '135', 'name' : 'Red chilli powder', 'mass_unit' : '5', 'mass_quantity' : '0.5', 'volume_unit' : '', 'volume_quantity' : '0', 'pieces_unit' : '', 'pieces_quantity' : '0', 'cooking_notes' : ''}).status_code; print('%s :: %s :: %s :: %s :: %s' %(a,256,'Red chilli powder','madrasi mirchi powder','Panchratna Dry'))
A1171: 200 | C1171: 257 | E1171: =VLOOKUP(C1171,$A$2:$C$1152,3,0) -> a = Client().post('/recipes/panchratna-dry/detail/', {'recipe' : '53', 'ingredient' : '91', 'name' : 'Haldi', 'mass_unit' : '5', 'mass_quantity' : '0.6', 'volume_unit' : '', 'volume_quantity' : '0', 'pieces_unit' : '', 'pieces_quantity' : '0', 'cooking_notes' : ''}).status_code; print('%s :: %s :: %s :: %s :: %s' %(a,257,'Haldi','haldi','Panchratna Dry'))
... A1199: 200 | C1199: 1352 | E1199: =VLOOKUP(C1199,$A$2:$C$1152,3,0) -> a = Client().post('/recipes/red-chutney/detail/', {'recipe' : '65', 'ingredient' : '80', 'name' : 'garam masala', 'mass_unit' : '', 'mass_quantity' : '0', 'volume_unit' : '', 'volume_quantity' : '0', 'pieces_unit' : '', 'pieces_quantity' : '0', 'cooking_notes' : ''}).status_code; print('%s :: %s :: %s :: %s :: %s' %(a,1352,'garam masala','garam masala','RED CHUTNEY'))
C1206: 64 | E1206: =VLOOKUP(C1206,recipedetails!AK:AM,3,0) -> a = Client().post('/recipes/alu-flower-gravy-ekadashi/detail/', {'recipe' : '90', 'ingredient' : '78', 'name' : 'Flower', 'mass_unit' : '2', 'mass_quantity' : '0', 'volume_unit' : '1', 'volume_quantity' : '11.667', 'pieces_unit' : '3', 'pieces_quantity' : '0', 'cooking_notes' : '(deep fried)'}).status_code; print('%s :: %s :: %s :: %s :: %s' %(a,64,'Flower','flower','Alu Flower Gravy (Ekadashi)'))
B1207: 78 | C1207: 78 | E1207: =VLOOKUP(C1207,recipedetails!AK:AM,3,0) -> a = Client().post('/recipes/alu-flower-gravy-ekadashi/detail/', {'recipe' : '90', 'ingredient' : '83', 'name' : 'Oil for frying', 'mass_unit' : '2', 'mass_quantity' : '0', 'volume_unit' : '1', 'volume_quantity' : '0', 'pieces_unit' : '3', 'pieces_quantity' : '0', 'cooking_notes' : ''}).status_code; print('%s :: %s :: %s :: %s :: %s' %(a,78,'Oil for frying','gound nut oil','Alu Flower Gravy (Ekadashi)'))
B1208: 122 | C1208: 122 | E1208: =VLOOKUP(C1208,recipedetails!AK:AM,3,0) -> a = Client().post('/recipes/pav-bhaji-bhaji/detail/', {'recipe' : '60', 'ingredient' : '83', 'name' : 'Oil', 'mass_unit' : '2', 'mass_quantity' : '0', 'volume_unit' : '1', 'volume_quantity' : '2.5', 'pieces_unit' : '3', 'pieces_quantity' : '0', 'cooking_notes' : ''}).status_code; print('%s :: %s :: %s :: %s :: %s' %(a,122,'Oil','gound nut oil','Pav Bhaji Bhaji'))
B1209: 174 | C1209: 174 | E1209: =VLOOKUP(C1209,recipedetails!AK:AM,3,0) -> a = Client().post('/recipes/jp-khichadi/detail/', {'recipe' : '35', 'ingredient' : '54', 'name' : 'Coconuts', 'mass_unit' : '2', 'mass_quantity' : '0', 'volume_unit' : '1', 'volume_quantity' : '0', 'pieces_unit' : '3', 'pieces_quantity' : '4', 'cooking_notes' : ''}).status_code; print('%s :: %s :: %s :: %s :: %s' %(a,174,'Coconuts','coconut','JP Khichadi'))
B1210: 250 | C1210: 250 | E1210: =VLOOKUP(C1210,recipedetails!AK:AM,3,0) -> a = Client().post('/recipes/panchratna-dry/detail/', {'recipe' : '53', 'ingredient' : '83', 'name' : 'Oil', 'mass_unit' : '2', 'mass_quantity' : '0', 'volume_unit' : '1', 'volume_quantity' : '1', 'pieces_unit' : '3', 'pieces_quantity' : '0', 'cooking_notes' : ''}).status_code; print('%s :: %s :: %s :: %s :: %s' %(a,250,'Oil','gound nut oil','Panchratna Dry'))
B1211: 251 | C1211: 251 | E1211: =VLOOKUP(C1211,recipedetails!AK:AM,3,0) -> a = Client().post('/recipes/panchratna-dry/detail/', {'recipe' : '53', 'ingredient' : '95', 'name' : 'Hing', 'mass_unit' : '2', 'mass_quantity' : '0', 'volume_unit' : '5', 'volume_quantity' : '0.3', 'pieces_unit' : '3', 'pieces_quantity' : '0', 'cooking_notes' : ''}).status_code; print('%s :: %s :: %s :: %s :: %s' %(a,251,'Hing','hing','Panchratna Dry'))
B1212: 252 | C1212: 252 | E1212: =VLOOKUP(C1212,recipedetails!AK:AM,3,0) -> a = Client().post('/recipes/panchratna-dry/detail/', {'recipe' : '53', 'ingredient' : '93', 'name' : 'Hari mirchi', 'mass_unit' : '2', 'mass_quantity' : '0', 'volume_unit' : '5', 'volume_quantity' : '1', 'pieces_unit' : '3', 'pieces_quantity' : '0', 'cooking_notes' : 'fine chopped'}).status_code; print('%s :: %s :: %s :: %s :: %s' %(a,252,'Hari mirchi','hari mirchi','Panchratna Dry'))
B1213: 253 | C1213: 253 | E1213: =VLOOKUP(C1213,recipedetails!AK:AM,3,0) -> a = Client().post('/recipes/panchratna-dry/detail/', {'recipe' : '53', 'ingredient' : '1', 'name' : 'Adrak paste', 'mass_unit' : '2', 'mass_quantity' : '0', 'volume_unit' : '1', 'volume_quantity' : '0.5', 'pieces_unit' : '3', 'pieces_quantity' : '0', 'cooking_notes' : ''}).status_code; print('%s :: %s :: %s :: %s :: %s' %(a,253,'Adrak paste','adrak','Panchratna Dry'))
B1214: 254 | C1214: 254 | E1214: =VLOOKUP(C1214,recipedetails!AK:AM,3,0) -> a = Client().post('/recipes/panchratna-dry/detail/', {'recipe' : '53', 'ingredient' : '103', 'name' : 'Jeera powder', 'mass_unit' : '2', 'mass_quantity' : '0', 'volume_unit' : '5', 'volume_quantity' : '0.75', 'pieces_unit' : '3', 'pieces_quantity' : '0', 'cooking_notes' : ''}).status_code; print('%s :: %s :: %s :: %s :: %s' %(a,254,'Jeera powder','jeera powder','Panchratna Dry'))
B1215: 255 | C1215: 255 | E1215: =VLOOKUP(C1215,recipedetails!AK:AM,3,0) -> a = Client().post('/recipes/panchratna-dry/detail/', {'recipe' : '53', 'ingredient' : '67', 'name' : 'Dhania powder', 'mass_unit' : '2', 'mass_quantity' : '0', 'volume_unit' : '5', 'volume_quantity' : '1', 'pieces_unit' : '3', 'pieces_quantity' : '0', 'cooking_notes' : ''}).status_code; print('%s :: %s :: %s :: %s :: %s' %(a,255,'Dhania powder','dhaniya powder','Panchratna Dry'))
B1216: 256 | C1216: 256 | E1216: =VLOOKUP(C1216,recipedetails!AK:AM,3,0) -> a = Client().post('/recipes/panchratna-dry/detail/', {'recipe' : '53', 'ingredient' : '135', 'name' : 'Red chilli powder', 'mass_unit' : '2', 'mass_quantity' : '0', 'volume_unit' : '5', 'volume_quantity' : '0.5', 'pieces_unit' : '3', 'pieces_quantity' : '0', 'cooking_notes' : ''}).status_code; print('%s :: %s :: %s :: %s :: %s' %(a,256,'Red chilli powder','madrasi mirchi powder','Panchratna Dry'))
B1217: 257 | C1217: 257 | E1217: =VLOOKUP(C1217,recipedetails!AK:AM,3,0) -> a = Client().post('/recipes/panchratna-dry/detail/', {'recipe' : '53', 'ingredient' : '91', 'name' : 'Haldi', 'mass_unit' : '2', 'mass_quantity' : '0', 'volume_unit' : '5', 'volume_quantity' : '0.6', 'pieces_unit' : '3', 'pieces_quantity' : '0', 'cooking_notes' : ''}).status_code; print('%s :: %s :: %s :: %s :: %s' %(a,257,'Haldi','haldi','Panchratna Dry'))
B1218: 258 | C1218: 258 | E1218: =VLOOKUP(C1218,recipedetails!AK:AM,3,0) -> a = Client().post('/recipes/panchratna-dry/detail/', {'recipe' : '53', 'ingredient' : '117', 'name' : 'Kashmiri powder', 'mass_unit' : '2', 'mass_quantity' : '0', 'volume_unit' : '5', 'volume_quantity' : '0.75', 'pieces_unit' : '3', 'pieces_quantity' : '0', 'cooking_notes' : ''}).status_code; print('%s :: %s :: %s :: %s :: %s' %(a,258,'Kashmiri powder','kashmiri chilly powder','Panchratna Dry'))
... B1223: 306 | C1223: 306 | E1223: =VLOOKUP(C1223,recipedetails!AK:AM,3,0) -> a = Client().post('/recipes/patol-white-gravy/detail/', {'recipe' : '56', 'ingredient' : '93', 'name' : 'Hari mirchi', 'mass_unit' : '7', 'mass_quantity' : '100', 'volume_unit' : '1', 'volume_quantity' : '0', 'pieces_unit' : '3', 'pieces_quantity' : '0', 'cooking_notes' : ''}).status_code; print('%s :: %s :: %s :: %s :: %s' %(a,306,'Hari mirchi','hari mirchi','Patol White Gravy'))
C1224: 333 | E1224: =VLOOKUP(C1224,recipedetails!AK:AM,3,0) -> a = Client().post('/recipes/brokoli-sautee/detail/', {'recipe' : '12', 'ingredient' : '36', 'name' : 'Brokoli ', 'mass_unit' : '2', 'mass_quantity' : '0', 'volume_unit' : '1', 'volume_quantity' : '18', 'pieces_unit' : '3', 'pieces_quantity' : '0', 'cooking_notes' : ''}).status_code; print('%s :: %s :: %s :: %s :: %s' %(a,333,'Brokoli ','broccoli','Brokoli Sautee'))
C1225: 343 | E1225: =VLOOKUP(C1225,recipedetails!AK:AM,3,0) -> a = Client().post('/recipes/kerela-round/detail/', {'recipe' : '36', 'ingredient' : '116', 'name' : 'Karela', 'mass_unit' : '2', 'mass_quantity' : '0', 'volume_unit' : '1', 'volume_quantity' : '10', 'pieces_unit' : '3', 'pieces_quantity' : '0', 'cooking_notes' : ''}).status_code; print('%s :: %s :: %s :: %s :: %s' %(a,343,'Karela','karela','Kerela Round'))
C1226: 354 | E1226: =VLOOKUP(C1226,recipedetails!AK:AM,3,0) -> a = Client().post('/recipes/red-sak-badi/detail/', {'recipe' : '66', 'ingredient' : '169', 'name' : 'Red sak', 'mass_unit' : '2', 'mass_quantity' : '0', 'volume_unit' : '1', 'volume_quantity' : '0', 'pieces_unit' : '8', 'pieces_quantity' : '40', 'cooking_notes' : 'chopped'}).status_code; print('%s :: %s :: %s :: %s :: %s' %(a,354,'Red sak','red sak','Red Sak Badi'))
C1227: 444 | E1227: =VLOOKUP(C1227,recipedetails!AK:AM,3,0) -> a = Client().post('/recipes/matar-ki-dal/detail/', {'recipe' : '45', 'ingredient' : '81', 'name' : 'Ghee ', 'mass_unit' : '2', 'mass_quantity' : '0', 'volume_unit' : '1', 'volume_quantity' : '0.5', 'pieces_unit' : '3', 'pieces_quantity' : '0', 'cooking_notes' : ''}).status_code; print('%s :: %s :: %s :: %s :: %s' %(a,444,'Ghee ','ghee','Matar Ki Dal'))
C1228: 549 | E1228: =VLOOKUP(C1228,recipedetails!AK:AM,3,0) -> a = Client().post('/recipes/moong-dal-dossa/detail/', {'recipe' : '48', 'ingredient' : '26', 'name' : 'Batter yield', 'mass_unit' : '2', 'mass_quantity' : '0', 'volume_unit' : '4', 'volume_quantity' : '0.3', 'pieces_unit' : '3', 'pieces_quantity' : '0', 'cooking_notes' : ''}).status_code; print('%s :: %s :: %s :: %s :: %s' %(a,549,'Batter yield','batter yield','Moong Dal Dossa'))
C1229: 561 | E1229: =VLOOKUP(C1229,recipedetails!AK:AM,3,0) -> a = Client().post('/recipes/tomato-chutni/detail/', {'recipe' : '81', 'ingredient' : '194', 'name' : 'Til oil', 'mass_unit' : '2', 'mass_quantity' : '0', 'volume_unit' : '1', 'volume_quantity' : '0.1', 'pieces_unit' : '3', 'pieces_quantity' : '0', 'cooking_notes' : ''}).status_code; print('%s :: %s :: %s :: %s :: %s' %(a,561,'Til oil','til oil','Tomato Chutni'))
C1230: 626 | E1230: =VLOOKUP(C1230,recipedetails!AK:AM,3,0) -> a = Client().post('/recipes/minestrone-soup/detail/', {'recipe' : '46', 'ingredient' : '79', 'name' : 'Gajar', 'mass_unit' : '2', 'mass_quantity' : '1', 'volume_unit' : '1', 'volume_quantity' : '0', 'pieces_unit' : '3', 'pieces_quantity' : '0', 'cooking_notes' : ''}).status_code; print('%s :: %s :: %s :: %s :: %s' %(a,626,'Gajar','gajar','Minestrone soup'))
C1231: 632 | E1231: =VLOOKUP(C1231,recipedetails!AK:AM,3,0) -> a = Client().post('/recipes/minestrone-soup/detail/', {'recipe' : '46', 'ingredient' : '45', 'name' : 'Chopped Celery Stick', 'mass_unit' : '2', 'mass_quantity' : '0', 'volume_unit' : '1', 'volume_quantity' : '1', 'pieces_unit' : '3', 'pieces_quantity' : '0', 'cooking_notes' : ''}).status_code; print('%s :: %s :: %s :: %s :: %s' %(a,632,'Chopped Celery Stick','celery stick','Minestrone soup'))
C1232: 758 | E1232: =VLOOKUP(C1232,recipedetails!AK:AM,3,0) -> a = Client().post('/recipes/biryani-dum-layer/detail/', {'recipe' : '10', 'ingredient' : '142', 'name' : 'Mawa', 'mass_unit' : '7', 'mass_quantity' : '100', 'volume_unit' : '1', 'volume_quantity' : '0', 'pieces_unit' : '3', 'pieces_quantity' : '0', 'cooking_notes' : ''}).status_code; print('%s :: %s :: %s :: %s :: %s' %(a,758,'Mawa','mawa','Biryani Dum Layer'))
C1233: 759 | E1233: =VLOOKUP(C1233,recipedetails!AK:AM,3,0) -> a = Client().post('/recipes/biryani-dum-layer/detail/', {'recipe' : '10', 'ingredient' : '12', 'name' : 'Amul Butter', 'mass_unit' : '2', 'mass_quantity' : '0.5', 'volume_unit' : '1', 'volume_quantity' : '0', 'pieces_unit' : '3', 'pieces_quantity' : '0', 'cooking_notes' : ''}).status_code; print('%s :: %s :: %s :: %s :: %s' %(a,759,'Amul Butter','amul butter','Biryani Dum Layer'))
C1234: 760 | E1234: =VLOOKUP(C1234,recipedetails!AK:AM,3,0) -> a = Client().post('/recipes/biryani-dum-layer/detail/', {'recipe' : '10', 'ingredient' : '13', 'name' : 'Amul Fresh Cream', 'mass_unit' : '2', 'mass_quantity' : '0', 'volume_unit' : '1', 'volume_quantity' : '0.2', 'pieces_unit' : '3', 'pieces_quantity' : '0', 'cooking_notes' : ''}).status_code; print('%s :: %s :: %s :: %s :: %s' %(a,760,'Amul Fresh Cream','amul fresh cream','Biryani Dum Layer'))
C1235: 762 | E1235: =VLOOKUP(C1235,recipedetails!AK:AM,3,0) -> a = Client().post('/recipes/biryani-dum-layer/detail/', {'recipe' : '10', 'ingredient' : '59', 'name' : 'Curd', 'mass_unit' : '2', 'mass_quantity' : '0.6', 'volume_unit' : '1', 'volume_quantity' : '0', 'pieces_unit' : '3', 'pieces_quantity' : '0', 'cooking_notes' : ''}).status_code; print('%s :: %s :: %s :: %s :: %s' %(a,762,'Curd','dahi','Biryani Dum Layer'))
... C1245: 1352 | E1245: =VLOOKUP(C1245,recipedetails!AK:AM,3,0) -> a = Client().post('/recipes/red-chutney/detail/', {'recipe' : '65', 'ingredient' : '80', 'name' : 'garam masala', 'mass_unit' : '2', 'mass_quantity' : '0', 'volume_unit' : '1', 'volume_quantity' : '0', 'pieces_unit' : '3', 'pieces_quantity' : '0', 'cooking_notes' : ''}).status_code; print('%s :: %s :: %s :: %s :: %s' %(a,1352,'garam masala','garam masala','RED CHUTNEY'))
C1253: 200 | E1253: 78 | G1253: Oil for frying | I1253: gound nut oil | K1253: Alu Flower Gravy (Ekadashi)
C1254: 200 | E1254: 122 | G1254: Oil | I1254: gound nut oil | K1254: Pav Bhaji Bhaji
C1255: 200 | E1255: 174 | G1255: Coconuts | I1255: coconut | K1255: JP Khichadi
C1256: 200 | E1256: 250 | G1256: Oil | I1256: gound nut oil | K1256: Panchratna Dry
C1257: 200 | E1257: 251 | G1257: Hing | I1257: hing | K1257: Panchratna Dry
C1258: 200 | E1258: 252 | G1258: Hari mirchi | I1258: hari mirchi | K1258: Panchratna Dry
C1259: 200 | E1259: 253 | G1259: Adrak paste | I1259: adrak | K1259: Panchratna Dry
C1260: 200 | E1260: 254 | G1260: Jeera powder | I1260: jeera powder | K1260: Panchratna Dry
C1261: 200 | E1261: 255 | G1261: Dhania powder | I1261: dhaniya powder | K1261: Panchratna Dry
C1262: 200 | E1262: 256 | G1262: Red chilli powder | I1262: madrasi mirchi powder | K1262: Panchratna Dry
C1263: 200 | E1263: 257 | G1263: Haldi | I1263: haldi | K1263: Panchratna Dry
C1264: 200 | E1264: 258 | G1264: Kashmiri powder | I1264: kashmiri chilly powder | K1264: Panchratna Dry
... C1269: 200 | E1269: 306 | G1269: Hari mirchi | I1269: hari mirchi | K1269: Patol White Gravy

Sheet ingredient
B2: kg,ltr,pcs
B3: unit | C3: rate | D3: density (kg/ltr)
A4: adrak | N4: (small square sauteed) | O4: (small square sauteed)
A5: ajinomoto | N5: 1 citi) | O5: 1 citi)
A6: akha dhaniya | N6: 250 gm | O6: 250 gm
A7: akha methi | N7: Adrak | O7: adrak
A8: akha moong | N8: adrak | O8: adrak
A9: akkha madrasi mirchi | N9: ADRAK | O9: adrak
A10: almonds | N10: Adrak | O10: adrak
A11: alu | N11: Adrak (Ginger) | O11: adrak
A12: ambahaldi | N12: adrak (grate in morning) | O12: adrak
A13: amchur | N13: Adrak paste | O13: adrak
A14: amla churna | N14: Adrak Paste | O14: adrak
A15: amul butter | N15: adrak paste | O15: adrak
... A21: badi sauf | N21: akkha madrasi mirh dry | O21: akkha madrasi mirchi
A22: badsah pulav masala | N22: akkha madrasi/kashmiri mirch | O22: akkha madrasi mirchi | Q22: akkha madrasi/kashmiri mirch
A23: badshah pav bhaji masala | N23: akkha singdana | O23: singdana
A24: badshah rajwadi garam masala | N24: Alu | O24: alu
A25: baingan | N25: Boiled alu | O25: alu
A26: banana | N26: Alu | O26: alu
A27: barley | N27: Ambahaldi | O27: ambahaldi
A28: basil leaves | N28: Amchur | O28: amchur
A29: basmati rice | N29: Amla churna (optional) | O29: amla churna
A30: batter yield | N30: Amul Butter | O30: amul butter
A31: beans | N31: Amul Fresh Cream | O31: amul fresh cream
A32: besan | N32: anapoorna sambar ms | O32: annapoorna sambar masala
A33: bhindi | N33: Annapoorna Sambar pwd | O33: annapoorna sambar masala
A34: bhopla | N34: Apple Green Colour | O34: apple green colour
... A213: zucchini | N213: Green mirchi paste | O213: hari mirchi
N214: green mung | O214: green mung
N215: Green peas | O215: green peas
N216: Green Peas | O216: green peas
N217: green peas | O217: green peas
N218: ground nut akkha | O218: singdana
N219: ground nut oil | O219: ground nut oil
N220: GROUND NUT OIL | O220: ground nut oil
N221: Groundnut Oil (Singdana Tel) | O221: ground nut oil
N222: Groundnut Oil / Til Oil | O222: ground nut oil
N223: Groundnut oil for tadka | O223: ground nut oil
N224: Grountnut Oil | O224: ground nut oil
N225: Groundnut Oil | O225: ground nut oil
... N341: masala for 6 kg batch | O341: masala for 6 kg batch
N342: MASALA FOR BHEL SABJI
N343: matar | O343: matar
N344: Matar ki dal | O344: matar ki dal
N345: Mawa | O345: mawa
N346: MDH garam masala | O346: mdh garam masala
N347: Medium Size yeild
N348: Methi | O348: methi
N349: milk | O349: milk
N350: Mirchi | O350: hari mirchi
N351: moong Daal | O351: moong dal
N352: Moong dal | O352: moong dal
N353: MTR masala | O353: mtr rasam masala
N354: MTR rasam masala | O354: mtr rasam masala
N355: MTR Rasam powder | O355: mtr rasam masala
N356: mugi | O356: mugi
N357: noodles | O357: noodles
N358: Oil | O358: gound nut oil
N359: oil | O359: gound nut oil
... N493: water(10 times) | O493: water
N494: masala for 6 kg batch | O494: masala for 6 kg batch | Q494: =VLOOKUP(N494,ingredient!$N$4:$O$553,2,0) -> masala for 6 kg batch
N496: wheat flour | O496: wheat flour
N497: White Pepper Powder | O497: white pepper powder
N498: white pepper powder | O498: white pepper powder
N499: White Teel | O499: white til
N500: white til | O500: white til
N501: White Till ( Dry Roast light) | O501: white til
N502: whole wheat flour | O502: whole wheat flour
N503: yeast | O503: yeast
N504: Yellow capsicum | O504: yellow capsicum
N505: Yellow Capsicum | O505: yellow capsicum
N506: Yellow capsicum sauted | O506: yellow capsicum
N507: Yellow Capsicum VOL | O507: yellow capsicum
... N519: EVOO on Top | O519: EVOO

Sheet ingredientcopy
A1: Alu | B1: alu
A2: Cabbage | B2: cabbage
A3: Capsicum | B3: capsicum
A4: Coconuts | B4: coconuts
A5: Imli | B5: imli
A6: Kashmiri mirchi | B6: kashmiri mirchi
A7: Madrasi mirchi | B7: madrasi mirchi
A8: Akha dhaniya | B8: akha dhaniya
A9: Salt | B9: salt
A10: Grountnut Oil | B10: grountnut oil
A11: Hot water | B11: hot water
A12: YIELD | B12: yield
... A1159: SALT | B1159: salt

Sheet Index
A1: DRY SABZI | B1: DALS | C1: WET SABZI | D1: Rice Items | E1: Snacks/ Tiffin | F1: Drinks | G1: Bakery | H1: Desserts/ Sweets | I1: Raita
A2: Varai Khichdi | B2: Ekadasi soup | C2: Alu Flower Gravy (Ekadashi) | E2: Potato Salli | H2: Kakdi singdana salad
A3: Varai Pulav | C3: Pav Bhaji Bhaji | D3: JP Khichadi | E3: Potato chips
A4: Alu Flower Gravy (Ekadashi) | C4: Jackfruit gravy
A5: Spicy Potato | C5: Watana Usal
A6: Panchratna Dry | C6: Dahi Bhindi
A7: Dosa Bhaji Dry | C7: Dahi Baingan
A8: Alu Jeera | C8: Dahi Patol
A9: Brokoli Sautee | C9: Alu Kala Chana Chat
A10: Kerela Round | C10: Bhopla KM
A11: Red Sak Badi | C11: Chole Krsna Balaram
C12: Patol White Gravy

Sheet 8
A1: BF Mix Veg Poha, Ginger tea, LUNCHBroccoli pulav,Turdal Tadka,Sweet corn milk coconut gravy,Veg Kadhai with panir,
A3: Mix Veg Poha | B3: Ingredients | C3: Std Qty | D3: Unit | E3: Req Qty | F3: Unit
B4: Poha | C4: 25 | D4: kg | E4: =C4*2 -> 50 | F4: kg
B5: Gajar | C5: 5 | D5: kg | E5: =C5*2 -> 10 | F5: kg
B6: Alu | C6: 5 | D6: kg | E6: =C6*2 -> 10 | F6: kg
B7: Matar | C7: 5 | D7: kg | E7: =C7*2 -> 10 | F7: kg
B8: Cabbage (Desi) | C8: 5 | D8: kg | E8: =C8*2 -> 10 | F8: kg
B9: Groundnut Oil | C9: 7.5 | D9: ltr | E9: =C9*2 -> 15 | F9: ltr
B10: Rai | C10: 2.5 | D10: cup | E10: =C10*2 -> 5 | F10: cup
B11: Jeera | C11: 2.5 | D11: cup | E11: =C11*2 -> 5 | F11: cup
B12: Madrasi Mirchi | C12: 0.5 | D12: ltr | E12: =C12*2 -> 1 | F12: ltr
B13: Kadi patta | C13: 2 | D13: ltr | E13: =C13*2 -> 4 | F13: ltr
B14: Adrak paste | C14: 1 | D14: ltr | E14: =C14*2 -> 2 | F14: ltr
B15: Hari mirchi split in 2 | C15: 1 | D15: ltr | E15: =C15*2 -> 2 | F15: ltr
... B22: YIELD | C22: 3.25 | D22: tub | E22: =C22*2 -> 6.6 | F22: tub
B23: YIELD | C23: =35*C22 -> 115.5 | D23: ltr | E23: =C23*2 -> 231 | F23: ltr
A25: Ginger Tea | B25: Ingredients | C25: Std Qty | D25: Unit | E25: Req Qty | F25: Unit
B26: Jaggery | C26: 3.8 | D26: Kg | E26: =C26*E$33/C$33 -> 68.4 | F26: Kg
B27: Adrak paste | C27: 1 | D27: ltr | E27: =C27*E$33/C$33 -> 18 | F27: ltr
B28: Black Pepper Pwd | C28: 0.2 | D28: Cup | E28: =C28*E$33/C$33 -> 3.6 | F28: Cup
B29: Tejpatta | C29: 0.4 | D29: ltr | E29: =C29*E$33/C$33 -> 7.2 | F29: ltr
B30: Badisaunf | C30: 0.5 | D30: ltr | E30: =C30*E$33/C$33 -> 9 | F30: ltr
B31: Dalchini | C31: 16 | D31: gm | E31: =C31*E$33/C$33 -> 288 | F31: gm
B32: YIELD | C32: 1 | D32: tub | E32: =C32*E$33/C$33 -> 18 | F32: tub
B33: YIELD | C33: 35 | D33: ltr | E33: 630 | F33: ltr | H33: Back to Menu
A36: Broccoli pulav | B36: Ingredients | C36: Std Qty | D36: Unit | E36: Req Qty | F36: Unit
B37: Rice | C37: 25 | D37: kg | E37: =C37*2 -> 50 | F37: kg
B38: *EVOO | C38: 4 | D38: Ltr | E38: =C38*2 -> 8 | F38: Ltr
B39: Gajar | C39: 5 | D39: kg | E39: =C39*2 -> 10 | F39: kg
A40: * Henceforth Extra Virgin Olive Oil | B40: Matar | C40: 7.5 | D40: kg | E40: =C40*2 -> 15 | F40: kg
B41: Broccoli | C41: 20 | D41: kg | E41: =C41*2 -> 40 | F41: kg
B42: Cabbage | C42: 5 | D42: kg | E42: =C42*2 -> 10 | F42: kg
B43: Capsicum | C43: 2.5 | D43: kg | E43: =C43*2 -> 5 | F43: kg
B44: Walnut | C44: 5 | D44: ltr | E44: =C44*2 -> 10 | F44: ltr
B45: Hari mirchi split in 2 | C45: 1 | D45: ltr | E45: =C45*2 -> 2 | F45: ltr
B46: Badshah Biryani Masala | C46: 0.5 | D46: ltr | E46: =C46*2 -> 1 | F46: ltr
B47: Salt | C47: 5 | D47: Cup | E47: =C47*2 -> 10 | F47: Cup
